timestamp,attack_type,industry,region,severity,threat_score,growth_probability
2026-02-25 15:35:09,SQL Injection,Education,Europe,8,56.55,0.69
2026-05-23 08:00:09,Malware,Government,Asia-Pacific,10,87.05,0.92
2026-04-17 17:28:09,Ransomware,Finance,North America,10,96.35,0.86
2026-04-23 21:09:09,Phishing,Government,Latin America,3,36.03,0.28
2026-05-09 23:04:09,Malware,Healthcare,North America,7,65.9,0.61
2026-05-06 21:44:09,Malware,Healthcare,Latin America,8,66.42,0.75
2026-03-28 03:54:09,Malware,Healthcare,Europe,7,62.94,0.66
2026-02-26 01:22:09,SQL Injection,Healthcare,Asia-Pacific,3,37.36,0.33
2026-05-05 02:53:09,Ransomware,Finance,North America,5,65.42,0.63
2026-03-18 12:45:09,Phishing,Finance,Middle East,5,51.74,0.33
2026-05-11 05:11:09,Phishing,Education,Europe,8,64.7,0.62
2026-05-14 02:16:09,SQL Injection,Government,Middle East,5,44.63,0.3
2026-04-24 06:46:09,Ransomware,Government,Latin America,3,46.47,0.38
2026-03-16 07:45:09,Malware,Finance,Europe,1,14.25,0.14
2026-04-11 09:03:09,DDoS,Government,North America,8,79.63,0.69
2026-03-22 19:51:09,SQL Injection,Energy,Latin America,1,11.85,0.16
2026-04-07 02:29:09,Ransomware,Energy,North America,7,64.18,0.79
2026-03-19 15:37:09,SQL Injection,Energy,Latin America,4,28.25,0.3
2026-04-19 01:46:09,Ransomware,Healthcare,Asia-Pacific,7,75.35,0.78
2026-03-21 11:20:09,Phishing,Government,Middle East,8,78.03,0.72
2026-03-23 21:23:09,SQL Injection,Energy,Latin America,3,25.33,0.3
2026-03-23 02:34:09,SQL Injection,Finance,North America,5,43.69,0.34
2026-04-07 19:39:09,SQL Injection,Education,Middle East,1,8.2,0.01
2026-02-23 13:03:09,SQL Injection,Healthcare,Europe,4,43.19,0.29
2026-02-27 00:33:09,DDoS,Education,Latin America,4,35.87,0.28
2026-03-15 23:05:09,SQL Injection,Energy,Latin America,8,64.14,0.71
2026-02-25 10:50:09,SQL Injection,Government,North America,2,25.52,0.08
2026-04-29 15:56:09,DDoS,Education,Middle East,3,28.73,0.33
2026-03-14 02:14:09,Malware,Energy,Latin America,2,11.37,0.33
2026-04-02 04:42:09,Phishing,Energy,Europe,10,79.86,0.87
2026-04-22 13:01:09,Ransomware,Finance,Asia-Pacific,6,71.22,0.62
2026-04-24 00:13:09,Phishing,Finance,Asia-Pacific,4,47.42,0.3
2026-03-21 13:00:09,DDoS,Healthcare,Middle East,9,87.29,0.84
2026-03-27 07:45:09,DDoS,Energy,Middle East,7,60.84,0.7
2026-04-24 05:40:09,Ransomware,Healthcare,Asia-Pacific,1,36.04,0.31
2026-04-15 19:38:09,Phishing,Healthcare,North America,2,34.73,0.22
2026-03-17 07:13:09,DDoS,Healthcare,North America,8,81.28,0.6
2026-04-29 16:11:09,DDoS,Energy,Latin America,4,43.79,0.31
2026-04-04 09:47:09,Ransomware,Healthcare,North America,9,93.9,0.78
2026-04-07 19:01:09,SQL Injection,Healthcare,Europe,7,66.85,0.63
2026-03-18 11:45:09,DDoS,Finance,North America,8,77.04,0.59
2026-03-17 04:29:09,Phishing,Finance,Europe,3,41.35,0.16
2026-03-02 19:36:09,DDoS,Government,Latin America,7,70.83,0.56
2026-05-02 13:29:09,SQL Injection,Education,Asia-Pacific,2,17.19,0.23
2026-03-14 05:54:09,SQL Injection,Energy,Europe,9,70.9,0.73
2026-03-01 03:54:09,SQL Injection,Education,Asia-Pacific,7,53.09,0.52
2026-03-31 02:31:09,Phishing,Finance,Latin America,3,35.74,0.34
2026-03-05 16:25:09,Ransomware,Government,Latin America,9,90.68,0.93
2026-02-26 00:32:09,Ransomware,Healthcare,Europe,5,58.4,0.52
2026-05-02 21:07:09,Phishing,Energy,Latin America,10,78.58,0.86
2026-05-04 16:16:09,Malware,Education,Asia-Pacific,10,71.18,1.0
2026-03-19 07:51:09,Ransomware,Energy,North America,7,71.4,0.61
2026-03-28 04:34:09,SQL Injection,Education,Asia-Pacific,9,63.64,0.65
2026-03-25 14:31:09,Ransomware,Energy,Asia-Pacific,7,69.23,0.76
2026-05-10 01:09:09,SQL Injection,Education,Middle East,5,39.56,0.41
2026-04-24 14:02:09,Malware,Government,Middle East,4,35.68,0.57
2026-03-16 02:36:09,Malware,Education,Middle East,10,72.01,0.96
2026-03-09 06:19:09,Phishing,Finance,Europe,7,67.04,0.52
2026-04-08 01:53:09,DDoS,Healthcare,North America,9,83.13,0.82
2026-04-07 17:03:09,Phishing,Finance,North America,3,40.97,0.28
2026-04-14 02:50:09,Phishing,Energy,North America,9,72.18,0.68
2026-03-06 14:41:09,Malware,Education,Asia-Pacific,6,42.16,0.73
2026-04-21 18:37:09,SQL Injection,Healthcare,Latin America,3,31.67,0.25
2026-04-30 21:27:09,DDoS,Energy,Europe,1,18.3,0.04
2026-05-18 23:43:09,DDoS,Government,North America,5,54.66,0.39
2026-04-19 00:44:09,Malware,Energy,Middle East,3,22.37,0.46
2026-04-09 22:46:09,Malware,Healthcare,Asia-Pacific,10,83.22,0.9
2026-04-06 11:17:09,SQL Injection,Energy,Europe,10,77.7,0.79
2026-04-26 01:35:09,Phishing,Education,Asia-Pacific,7,55.74,0.64
2026-03-11 14:39:09,Malware,Energy,North America,3,25.06,0.33
2026-03-31 05:30:09,SQL Injection,Government,Asia-Pacific,4,35.44,0.33
2026-04-16 06:11:09,Phishing,Government,Latin America,6,63.83,0.57
2026-03-14 11:47:09,Ransomware,Finance,Europe,6,66.02,0.54
2026-03-27 11:08:09,Ransomware,Education,Latin America,4,47.1,0.44
2026-05-02 19:13:09,SQL Injection,Government,North America,1,16.16,0.09
2026-04-07 20:20:09,Ransomware,Finance,North America,6,65.36,0.54
2026-04-24 17:42:09,Malware,Education,Middle East,3,26.91,0.44
2026-03-08 11:22:09,Malware,Finance,North America,3,32.38,0.3
2026-03-28 14:53:09,Phishing,Healthcare,Europe,10,94.57,0.74
2026-03-19 08:05:09,SQL Injection,Energy,Middle East,2,18.88,0.07
2026-04-09 02:53:09,Ransomware,Education,Latin America,9,80.87,0.81
2026-04-28 19:22:09,Malware,Finance,Middle East,6,51.54,0.73
2026-04-03 22:16:09,SQL Injection,Energy,North America,8,63.87,0.69
2026-03-05 18:15:09,Malware,Healthcare,Asia-Pacific,9,75.87,0.84
2026-04-24 02:11:09,Ransomware,Finance,Middle East,5,57.83,0.65
2026-03-08 05:53:09,Phishing,Education,Middle East,10,82.2,0.8
2026-05-11 10:46:09,Phishing,Education,Latin America,9,73.16,0.8
2026-03-10 06:15:09,Phishing,Healthcare,North America,7,62.61,0.59
2026-03-06 13:20:09,Phishing,Healthcare,Latin America,4,45.98,0.31
2026-03-02 02:30:09,Malware,Government,Latin America,9,75.1,0.86
2026-05-09 06:07:09,Malware,Government,North America,5,44.84,0.46
2026-04-03 12:26:09,Ransomware,Government,Europe,4,51.76,0.44
2026-04-29 16:35:09,DDoS,Government,Middle East,7,69.88,0.64
2026-03-12 14:38:09,Ransomware,Finance,Europe,7,77.47,0.64
2026-03-04 15:55:09,Malware,Education,Asia-Pacific,4,34.53,0.45
2026-03-08 10:44:09,DDoS,Healthcare,North America,10,96.52,0.94
2026-03-20 12:28:09,DDoS,Government,North America,2,38.53,0.21
2026-04-02 15:27:09,Ransomware,Finance,Middle East,7,73.47,0.62
2026-05-03 00:35:09,Ransomware,Energy,Asia-Pacific,6,60.0,0.69
2026-04-24 12:51:09,DDoS,Education,Latin America,2,25.32,0.3
2026-04-25 14:37:09,Malware,Education,Latin America,8,57.38,0.75
2026-03-21 18:40:09,Malware,Government,Asia-Pacific,9,74.81,0.94
2026-03-08 03:43:09,DDoS,Energy,Europe,2,23.64,0.27
2026-03-23 05:38:09,Phishing,Government,Asia-Pacific,1,24.36,0.07
2026-05-21 03:31:09,Ransomware,Energy,Middle East,1,21.06,0.33
2026-03-06 14:27:09,Phishing,Finance,Asia-Pacific,2,26.66,0.23
2026-03-12 23:43:09,Ransomware,Healthcare,Asia-Pacific,2,38.61,0.31
2026-04-03 00:34:09,Phishing,Finance,Latin America,2,32.48,0.1
2026-05-09 17:11:09,Ransomware,Healthcare,Middle East,1,36.55,0.28
2026-04-11 10:39:09,Malware,Education,Latin America,5,35.62,0.52
2026-05-14 05:11:09,Malware,Finance,Latin America,1,22.2,0.32
2026-02-27 02:34:09,Malware,Energy,North America,3,21.66,0.48
2026-04-11 02:01:09,Phishing,Government,Europe,3,38.31,0.19
2026-05-06 09:03:09,DDoS,Education,Middle East,1,17.03,0.21
2026-03-24 04:55:09,Malware,Finance,Europe,8,73.31,0.83
2026-02-24 12:28:09,Phishing,Healthcare,Latin America,10,89.57,0.85
2026-05-02 02:19:09,SQL Injection,Energy,Latin America,5,38.54,0.37
2026-04-07 15:13:09,DDoS,Government,Europe,2,33.77,0.25
2026-03-25 12:08:09,Malware,Government,Asia-Pacific,7,57.93,0.75
2026-03-24 18:41:09,Phishing,Education,Asia-Pacific,1,16.74,0.17
2026-05-12 22:21:09,Ransomware,Energy,Asia-Pacific,4,46.64,0.57
2026-04-24 04:41:09,DDoS,Education,Asia-Pacific,5,48.56,0.42
2026-04-06 05:23:09,DDoS,Government,Europe,4,48.73,0.39
2026-04-26 01:38:09,Phishing,Education,Europe,8,66.2,0.68
2026-04-01 09:31:09,DDoS,Government,Europe,7,69.38,0.65
2026-03-16 22:41:09,SQL Injection,Government,Latin America,7,61.51,0.5
2026-03-09 12:28:09,Phishing,Education,North America,5,45.13,0.44
2026-03-13 16:02:09,SQL Injection,Energy,Latin America,4,34.86,0.37
2026-03-11 16:28:09,SQL Injection,Energy,Middle East,9,64.39,0.69
2026-03-12 13:49:09,DDoS,Healthcare,Asia-Pacific,1,28.69,0.04
2026-03-28 05:59:09,SQL Injection,Education,Asia-Pacific,2,14.94,0.26
2026-04-17 19:02:09,Phishing,Education,Europe,6,46.98,0.39
2026-03-12 13:20:09,Malware,Finance,North America,4,43.32,0.47
2026-04-15 11:43:09,Malware,Healthcare,Latin America,2,20.08,0.22
2026-02-25 15:06:09,Ransomware,Energy,North America,9,84.0,0.78
2026-02-26 04:10:09,DDoS,Healthcare,Latin America,1,24.43,0.14
2026-03-19 01:43:09,DDoS,Energy,Europe,10,84.75,0.84
2026-04-24 17:32:09,SQL Injection,Healthcare,Asia-Pacific,2,24.28,0.08
2026-04-26 05:13:09,Ransomware,Healthcare,Asia-Pacific,10,98.84,0.91
2026-03-04 00:31:09,DDoS,Healthcare,Latin America,3,45.24,0.19
2026-04-07 16:32:09,SQL Injection,Healthcare,Asia-Pacific,5,48.86,0.44
2026-04-11 19:36:09,Phishing,Education,Middle East,3,25.39,0.26
2026-02-27 20:28:09,Malware,Energy,Asia-Pacific,7,48.11,0.75
2026-04-01 18:02:09,SQL Injection,Education,Middle East,3,21.02,0.18
2026-04-02 07:04:09,Phishing,Healthcare,North America,4,40.11,0.34
2026-04-08 14:37:09,Malware,Government,Asia-Pacific,1,21.86,0.15
2026-03-14 09:46:09,Phishing,Government,North America,5,51.13,0.38
2026-05-23 15:13:09,DDoS,Education,Asia-Pacific,8,65.11,0.69
2026-04-25 06:10:09,DDoS,Healthcare,North America,9,87.55,0.81
2026-05-14 21:49:09,DDoS,Healthcare,Asia-Pacific,6,69.25,0.47
2026-05-15 08:12:09,Ransomware,Finance,Latin America,6,70.92,0.58
2026-03-13 07:47:09,Ransomware,Education,North America,5,56.65,0.49
2026-03-24 08:55:09,Ransomware,Finance,Middle East,5,59.71,0.54
2026-05-08 19:07:09,Malware,Education,North America,8,56.6,0.8
2026-03-23 04:22:09,SQL Injection,Education,Latin America,2,13.16,0.18
2026-05-16 06:52:09,Malware,Finance,Asia-Pacific,4,41.55,0.41
2026-04-22 08:34:09,Phishing,Education,Europe,1,10.46,0.04
2026-05-16 01:22:09,SQL Injection,Finance,Asia-Pacific,5,48.04,0.44
2026-05-17 17:48:09,Ransomware,Energy,Latin America,5,51.93,0.49
2026-03-13 08:07:09,Malware,Healthcare,Middle East,1,22.46,0.23
2026-02-25 05:56:09,Malware,Finance,Latin America,1,18.24,0.29
2026-04-10 13:10:09,DDoS,Healthcare,Latin America,9,83.92,0.78
2026-03-26 17:05:09,SQL Injection,Energy,Asia-Pacific,6,44.6,0.47
2026-04-01 03:14:09,Ransomware,Government,Latin America,6,70.64,0.65
2026-05-05 07:45:09,Phishing,Finance,Asia-Pacific,3,33.94,0.19
2026-04-07 04:41:09,SQL Injection,Healthcare,North America,8,65.11,0.68
2026-04-12 18:21:09,SQL Injection,Education,Latin America,7,57.23,0.48
2026-05-03 06:24:09,Phishing,Energy,North America,2,20.36,0.2
2026-05-16 02:44:09,Ransomware,Finance,Middle East,4,51.99,0.42
2026-05-17 17:40:09,SQL Injection,Energy,North America,1,10.81,0.14
2026-03-31 03:14:09,Malware,Finance,Europe,2,22.7,0.28
2026-02-25 09:51:09,Ransomware,Government,Asia-Pacific,5,59.95,0.52
2026-04-27 07:57:09,Malware,Government,Latin America,1,19.9,0.22
2026-05-15 00:33:09,Phishing,Government,Asia-Pacific,1,19.0,0.03
2026-04-24 02:02:09,SQL Injection,Healthcare,Europe,5,45.57,0.38
2026-03-15 20:01:09,Malware,Healthcare,North America,2,24.86,0.29
2026-03-23 11:57:09,Malware,Education,North America,10,79.26,1.0
2026-05-11 12:50:09,Malware,Energy,Latin America,7,49.09,0.74
2026-04-12 18:42:09,Phishing,Government,Latin America,5,56.52,0.43
2026-05-10 22:56:09,DDoS,Finance,Latin America,8,75.33,0.71
2026-04-15 13:06:09,Malware,Energy,North America,7,51.99,0.63
2026-05-14 07:04:09,Malware,Energy,North America,3,20.17,0.47
2026-04-28 04:28:09,DDoS,Energy,Latin America,3,36.97,0.38
2026-04-20 09:37:09,Malware,Energy,North America,10,78.71,0.96
2026-03-29 05:13:09,Ransomware,Energy,Asia-Pacific,8,79.51,0.73
2026-04-19 11:14:09,DDoS,Education,North America,8,66.76,0.71
2026-03-30 06:46:09,Phishing,Finance,Asia-Pacific,9,84.09,0.77
2026-03-17 08:24:09,Ransomware,Finance,Europe,8,87.66,0.72
2026-05-05 21:43:09,DDoS,Government,North America,9,83.48,0.84
2026-05-03 00:30:09,DDoS,Education,Latin America,2,25.19,0.19
2026-05-14 23:50:09,DDoS,Government,Europe,9,86.32,0.85
2026-03-21 05:10:09,SQL Injection,Healthcare,Middle East,7,64.62,0.59
2026-05-01 12:24:09,DDoS,Healthcare,Europe,2,35.91,0.14
2026-04-14 12:54:09,Ransomware,Energy,Latin America,8,73.3,0.71
2026-04-18 07:17:09,Phishing,Finance,Europe,2,34.66,0.21
2026-05-21 16:39:09,Phishing,Education,Middle East,1,17.32,0.05
2026-05-09 10:04:09,DDoS,Energy,Middle East,1,15.43,0.09
2026-02-25 04:22:09,Phishing,Healthcare,North America,3,36.2,0.27
2026-04-05 12:29:09,SQL Injection,Energy,Latin America,5,37.6,0.49
2026-03-29 15:25:09,SQL Injection,Healthcare,Asia-Pacific,8,65.71,0.69
2026-03-07 22:51:09,Ransomware,Energy,Middle East,2,26.51,0.36
2026-04-15 18:54:09,Malware,Government,Middle East,7,59.3,0.76
2026-04-27 02:58:09,SQL Injection,Finance,North America,3,30.77,0.29
2026-03-23 00:57:09,Ransomware,Finance,Europe,7,81.72,0.8
2026-04-13 13:55:09,SQL Injection,Finance,North America,9,80.89,0.68
2026-04-24 08:35:09,Ransomware,Finance,Latin America,10,100.0,0.87
2026-05-17 11:08:09,DDoS,Finance,Middle East,10,97.94,0.81
2026-03-06 14:27:09,SQL Injection,Government,Latin America,7,65.58,0.65
2026-04-28 08:03:09,Ransomware,Education,North America,4,46.99,0.55
2026-04-05 21:21:09,Phishing,Energy,Middle East,8,63.96,0.54
2026-05-15 16:17:09,DDoS,Healthcare,Middle East,4,52.51,0.45
2026-05-22 16:56:09,Ransomware,Education,Europe,8,71.75,0.83
2026-05-17 22:00:09,Ransomware,Finance,Europe,6,71.91,0.62
2026-04-06 11:16:09,SQL Injection,Healthcare,North America,8,66.43,0.63
2026-04-11 02:22:09,Malware,Government,Latin America,1,15.64,0.3
2026-03-25 08:52:09,Malware,Finance,Middle East,7,66.85,0.8
2026-03-22 16:05:09,SQL Injection,Government,Latin America,3,32.98,0.3
2026-05-09 21:39:09,Malware,Healthcare,Asia-Pacific,6,52.68,0.64
2026-05-09 08:07:09,Ransomware,Healthcare,Latin America,5,58.72,0.6
2026-05-12 06:46:09,DDoS,Finance,Asia-Pacific,6,69.79,0.5
2026-03-09 07:59:09,Ransomware,Education,Latin America,6,57.01,0.56
2026-04-06 16:56:09,Malware,Education,Latin America,3,22.2,0.36
2026-04-29 07:22:09,Malware,Education,North America,6,44.28,0.55
2026-03-16 01:30:09,Malware,Finance,Latin America,5,51.19,0.49
2026-05-12 01:44:09,DDoS,Energy,Middle East,1,16.24,0.12
2026-04-16 12:33:09,DDoS,Healthcare,North America,6,69.21,0.59
2026-04-27 15:37:09,SQL Injection,Energy,North America,7,56.23,0.62
2026-03-12 14:09:09,SQL Injection,Finance,North America,8,70.85,0.6
2026-02-27 03:49:09,SQL Injection,Energy,Europe,8,57.99,0.69
2026-05-14 03:57:09,Phishing,Healthcare,North America,1,18.0,0.07
2026-04-21 21:05:09,Malware,Education,Latin America,10,73.96,0.98
2026-04-10 06:44:09,Ransomware,Government,Asia-Pacific,3,44.9,0.42
2026-04-25 00:14:09,SQL Injection,Government,Asia-Pacific,8,68.81,0.73
2026-03-06 02:21:09,Phishing,Education,Middle East,7,60.14,0.51
2026-03-22 04:15:09,SQL Injection,Government,Middle East,4,41.33,0.23
2026-02-25 23:33:09,Phishing,Energy,Latin America,8,60.69,0.7
2026-03-02 05:30:09,Malware,Healthcare,Latin America,7,64.93,0.74
2026-04-13 08:18:09,DDoS,Healthcare,Asia-Pacific,7,72.02,0.63
2026-04-08 03:39:09,SQL Injection,Healthcare,Middle East,6,59.69,0.48
2026-03-17 22:37:09,Ransomware,Healthcare,Middle East,6,67.95,0.65
2026-05-01 07:11:09,DDoS,Government,Europe,3,43.44,0.31
2026-04-06 16:27:09,Ransomware,Government,Latin America,10,100.0,0.97
2026-05-03 06:49:09,DDoS,Healthcare,Europe,1,23.93,0.05
2026-05-02 04:50:09,Phishing,Finance,Latin America,9,81.01,0.77
2026-03-17 06:45:09,SQL Injection,Government,Latin America,5,50.51,0.41
2026-03-26 05:16:09,Phishing,Education,Latin America,2,17.6,0.17
2026-04-17 20:32:09,Malware,Finance,Europe,2,22.26,0.34
2026-04-13 08:31:09,Phishing,Education,Europe,6,50.45,0.39
2026-04-09 22:04:09,Phishing,Government,Middle East,7,72.32,0.48
2026-04-13 19:13:09,Malware,Finance,Latin America,1,15.1,0.18
2026-03-18 01:28:09,Malware,Energy,Asia-Pacific,9,69.35,0.88
2026-04-21 03:56:09,Ransomware,Healthcare,Asia-Pacific,7,82.22,0.78
2026-03-27 22:44:09,SQL Injection,Government,Europe,6,59.62,0.43
2026-03-03 22:46:09,Phishing,Government,Asia-Pacific,8,71.47,0.71
2026-05-19 23:52:09,Phishing,Healthcare,Europe,9,87.17,0.72
2026-04-21 16:01:09,DDoS,Education,Europe,1,17.29,0.13
2026-04-05 18:54:09,Malware,Healthcare,Middle East,5,51.23,0.5
2026-03-27 13:01:09,DDoS,Education,Middle East,4,35.86,0.39
2026-03-15 21:04:09,SQL Injection,Healthcare,North America,2,28.46,0.13
2026-04-24 04:27:09,DDoS,Healthcare,Asia-Pacific,2,36.57,0.25
2026-03-24 00:50:09,Phishing,Energy,Asia-Pacific,10,84.99,0.75
2026-04-27 09:42:09,SQL Injection,Healthcare,Latin America,8,69.64,0.64
2026-04-25 14:02:09,Phishing,Healthcare,Europe,9,78.27,0.76
2026-03-28 15:50:09,SQL Injection,Healthcare,Asia-Pacific,2,21.12,0.24
2026-03-24 02:31:09,Phishing,Finance,Latin America,2,28.17,0.19
2026-05-20 03:47:09,Ransomware,Energy,Asia-Pacific,10,85.39,0.87
2026-05-19 20:48:09,Phishing,Education,Middle East,2,15.36,0.14
2026-04-16 03:52:09,DDoS,Energy,Asia-Pacific,5,45.26,0.43
2026-02-28 08:44:09,Phishing,Healthcare,Middle East,4,46.19,0.36
2026-05-04 11:22:09,Phishing,Healthcare,North America,8,72.03,0.6
2026-03-20 17:29:09,DDoS,Energy,North America,4,38.47,0.33
2026-04-15 05:49:09,Malware,Government,Europe,8,65.65,0.75
2026-03-25 03:23:09,Ransomware,Healthcare,Middle East,8,85.14,0.73
2026-03-11 11:19:09,Phishing,Finance,Europe,10,87.74,0.8
2026-03-24 17:02:09,Phishing,Healthcare,Europe,8,72.03,0.73
2026-04-28 05:09:09,SQL Injection,Finance,North America,6,53.73,0.5
2026-03-03 16:10:09,DDoS,Government,Latin America,10,94.11,0.86
2026-02-27 15:44:09,Ransomware,Healthcare,Europe,9,91.94,0.88
2026-04-16 19:21:09,Malware,Education,North America,5,34.34,0.57
2026-03-19 03:53:09,Ransomware,Government,Latin America,7,78.23,0.8
2026-05-08 01:04:09,Malware,Government,Asia-Pacific,3,33.46,0.4
2026-03-05 14:10:09,Ransomware,Government,North America,5,60.65,0.48
2026-03-11 10:35:09,Malware,Education,North America,3,17.94,0.36
2026-04-09 08:04:09,Malware,Education,Latin America,6,49.81,0.73
2026-05-12 03:16:09,Phishing,Finance,Europe,8,71.57,0.73
2026-03-23 14:18:09,Ransomware,Finance,Middle East,4,53.95,0.5
2026-05-14 02:07:09,Ransomware,Finance,Latin America,1,29.12,0.25
2026-03-31 17:01:09,Ransomware,Healthcare,Middle East,6,72.28,0.72
2026-05-08 07:49:09,Malware,Energy,North America,10,75.08,1.0
2026-04-13 23:38:09,Malware,Healthcare,Asia-Pacific,4,41.57,0.41
2026-04-15 15:58:09,DDoS,Government,Middle East,3,41.86,0.26
2026-03-26 00:56:09,DDoS,Finance,Asia-Pacific,1,29.95,0.07
2026-05-02 06:48:09,Phishing,Healthcare,Latin America,9,77.94,0.76
2026-03-21 16:20:09,Malware,Energy,Europe,10,70.66,0.95
2026-04-07 00:33:09,SQL Injection,Energy,North America,5,37.12,0.4
2026-02-25 06:03:09,SQL Injection,Finance,Middle East,6,57.61,0.44
2026-03-24 19:14:09,Phishing,Energy,Asia-Pacific,6,49.46,0.39
2026-03-13 12:11:09,Malware,Government,Asia-Pacific,3,34.07,0.43
2026-04-28 06:03:09,Phishing,Government,Latin America,9,82.56,0.69
2026-05-20 08:14:09,SQL Injection,Government,Asia-Pacific,9,79.76,0.75
2026-05-09 08:36:09,Phishing,Energy,Latin America,10,81.08,0.85
2026-02-23 09:02:09,Ransomware,Healthcare,Latin America,6,70.28,0.7
2026-03-24 12:46:09,SQL Injection,Education,North America,9,67.17,0.75
2026-05-20 18:48:09,SQL Injection,Education,Europe,2,18.2,0.24
2026-03-11 08:48:09,Malware,Energy,Middle East,4,28.27,0.39
2026-05-13 02:48:09,Ransomware,Healthcare,North America,6,69.2,0.66
2026-03-25 18:41:09,SQL Injection,Energy,Asia-Pacific,9,67.78,0.8
2026-04-18 18:17:09,DDoS,Healthcare,North America,10,96.43,0.91
2026-04-06 11:35:09,DDoS,Education,North America,7,64.13,0.63
2026-04-07 05:16:09,SQL Injection,Healthcare,North America,7,59.41,0.48
2026-03-27 22:27:09,DDoS,Education,Europe,4,43.06,0.35
2026-04-18 06:18:09,Malware,Education,North America,8,61.61,0.83
2026-03-06 17:23:09,Ransomware,Government,Asia-Pacific,3,48.5,0.46
2026-03-03 22:12:09,Ransomware,Finance,North America,5,65.47,0.5
2026-04-17 14:38:09,Malware,Energy,Middle East,7,47.86,0.63
2026-05-18 23:07:09,Phishing,Government,Asia-Pacific,8,70.19,0.65
2026-05-05 18:40:09,Malware,Finance,Asia-Pacific,8,66.3,0.78
2026-03-30 20:29:09,Ransomware,Finance,North America,9,95.4,0.94
2026-03-23 10:11:09,SQL Injection,Healthcare,Asia-Pacific,4,35.97,0.42
2026-04-24 04:37:09,Phishing,Healthcare,North America,1,20.47,0.17
2026-03-30 16:42:09,Malware,Government,Asia-Pacific,2,21.92,0.27
2026-04-14 11:38:09,Malware,Healthcare,Europe,3,30.99,0.3
2026-03-16 22:57:09,SQL Injection,Finance,Asia-Pacific,8,70.38,0.61
2026-04-29 05:22:09,DDoS,Finance,Asia-Pacific,1,22.97,0.17
2026-03-30 00:59:09,DDoS,Finance,North America,4,49.22,0.33
2026-04-28 07:40:09,DDoS,Energy,Latin America,10,82.6,0.77
2026-04-20 08:54:09,Phishing,Education,Asia-Pacific,5,45.11,0.31
2026-03-18 22:06:09,DDoS,Healthcare,North America,5,54.3,0.46
2026-04-08 11:58:09,Ransomware,Finance,Middle East,3,49.24,0.29
2026-04-22 01:02:09,Malware,Education,Europe,4,33.17,0.43
2026-04-09 14:51:09,DDoS,Healthcare,Asia-Pacific,7,72.43,0.56
2026-05-05 04:15:09,Malware,Healthcare,Middle East,8,71.96,0.79
2026-02-26 23:00:09,Malware,Healthcare,North America,1,13.94,0.16
2026-05-04 03:54:09,Phishing,Healthcare,Asia-Pacific,3,38.93,0.23
2026-05-08 17:11:09,Phishing,Finance,North America,7,65.82,0.47
2026-04-15 17:41:09,Ransomware,Finance,Asia-Pacific,4,52.12,0.4
2026-02-23 16:08:09,DDoS,Energy,North America,2,27.43,0.13
2026-03-18 00:52:09,Ransomware,Energy,Europe,4,48.44,0.56
2026-05-03 11:18:09,Malware,Healthcare,North America,4,41.93,0.51
2026-02-23 09:12:09,SQL Injection,Finance,Latin America,2,22.43,0.21
2026-03-22 12:53:09,SQL Injection,Healthcare,Middle East,3,31.69,0.24
2026-05-19 02:39:09,Malware,Energy,Latin America,1,12.29,0.29
2026-05-13 14:13:09,Phishing,Government,Latin America,4,40.3,0.35
2026-04-10 07:38:09,Phishing,Energy,Europe,6,52.78,0.43
2026-05-09 09:02:09,Ransomware,Energy,Asia-Pacific,8,78.97,0.85
2026-03-25 10:04:09,SQL Injection,Government,Latin America,2,29.12,0.17
2026-05-10 08:32:09,Malware,Energy,Latin America,2,15.04,0.23
2026-02-23 13:07:09,SQL Injection,Healthcare,Europe,7,66.96,0.56
2026-03-19 17:31:09,Ransomware,Healthcare,Middle East,5,59.05,0.47
2026-03-29 08:24:09,DDoS,Education,Middle East,5,52.1,0.47
2026-04-23 03:43:09,SQL Injection,Finance,Middle East,4,37.13,0.42
2026-02-26 23:29:09,Ransomware,Government,North America,6,72.76,0.66
2026-04-24 13:20:09,Phishing,Finance,Latin America,2,30.81,0.17
2026-04-27 03:50:09,Ransomware,Finance,Middle East,6,73.91,0.58
2026-05-13 23:32:09,DDoS,Finance,North America,5,59.17,0.53
2026-05-05 15:42:09,Ransomware,Finance,Latin America,8,86.7,0.88
2026-04-13 05:58:09,Phishing,Education,Middle East,7,56.44,0.66
2026-02-28 15:09:09,Ransomware,Education,Europe,5,48.46,0.57
2026-03-18 04:41:09,Phishing,Energy,North America,4,37.55,0.4
2026-05-02 02:53:09,DDoS,Government,Middle East,2,31.03,0.25
2026-02-23 19:07:09,SQL Injection,Healthcare,Middle East,10,80.57,0.85
2026-02-25 00:34:09,SQL Injection,Finance,Europe,5,52.14,0.49
2026-04-01 16:15:09,Malware,Energy,Europe,5,41.68,0.52
2026-05-16 19:28:09,Malware,Finance,Europe,10,85.49,0.97
2026-03-02 20:04:09,DDoS,Healthcare,North America,7,70.82,0.7
2026-03-31 08:13:09,Malware,Energy,Latin America,10,75.53,0.98
2026-05-22 00:09:09,DDoS,Finance,Europe,1,23.39,0.09
2026-04-08 02:51:09,Malware,Government,Asia-Pacific,6,52.14,0.63
2026-05-20 18:37:09,Phishing,Healthcare,Middle East,9,83.65,0.76
2026-03-05 00:09:09,Ransomware,Finance,North America,1,36.64,0.17
2026-04-26 20:06:09,Malware,Government,Latin America,7,61.09,0.65
2026-05-10 07:03:09,Phishing,Energy,Europe,3,27.5,0.22
2026-03-01 21:04:09,SQL Injection,Finance,Asia-Pacific,9,75.48,0.69
2026-04-15 13:10:09,Malware,Education,Asia-Pacific,2,17.5,0.36
2026-05-14 13:35:09,SQL Injection,Education,Middle East,2,11.6,0.09
2026-03-10 10:11:09,Malware,Government,Europe,4,37.69,0.44
2026-02-25 22:32:09,SQL Injection,Healthcare,Middle East,7,61.64,0.61
2026-04-26 06:31:09,DDoS,Healthcare,Latin America,5,61.92,0.45
2026-04-09 00:59:09,DDoS,Education,Europe,9,73.75,0.83
2026-05-05 06:04:09,Ransomware,Finance,Asia-Pacific,10,100.0,0.88
2026-03-16 21:26:09,Malware,Finance,Asia-Pacific,10,88.54,0.96
2026-04-20 20:33:09,Malware,Energy,Middle East,4,28.51,0.45
2026-05-03 01:21:09,Ransomware,Energy,North America,8,78.72,0.81
2026-04-20 17:05:09,Malware,Education,Europe,4,29.86,0.4
2026-05-12 05:00:09,SQL Injection,Finance,North America,2,21.0,0.07
2026-03-18 02:45:09,SQL Injection,Energy,Latin America,2,18.1,0.07
2026-05-03 12:52:09,Malware,Energy,Europe,1,12.33,0.3
2026-03-24 14:59:09,Malware,Education,Europe,6,41.28,0.6
2026-03-17 05:21:09,Ransomware,Finance,Europe,5,64.29,0.59
2026-04-23 01:13:09,SQL Injection,Finance,North America,9,76.13,0.78
2026-04-18 11:05:09,Ransomware,Education,North America,5,55.23,0.64
2026-05-19 01:25:09,DDoS,Finance,Asia-Pacific,2,38.01,0.25
2026-05-21 10:42:09,Ransomware,Education,Asia-Pacific,7,71.39,0.65
2026-04-14 07:59:09,SQL Injection,Finance,North America,8,74.67,0.61
2026-03-23 23:44:09,Phishing,Finance,Latin America,2,27.84,0.08
2026-04-06 10:09:09,SQL Injection,Energy,Asia-Pacific,1,11.54,0.05
2026-04-23 23:21:09,Ransomware,Finance,Asia-Pacific,7,74.62,0.64
2026-03-11 18:04:09,Ransomware,Finance,Europe,1,36.92,0.15
2026-04-04 02:42:09,Malware,Energy,Asia-Pacific,5,37.25,0.6
2026-04-10 06:11:09,DDoS,Government,North America,9,85.71,0.78
2026-05-07 02:50:09,Malware,Education,Middle East,4,31.95,0.38
2026-05-13 15:06:09,Ransomware,Energy,North America,7,65.79,0.75
2026-04-17 03:46:09,Ransomware,Finance,Europe,5,65.21,0.64
2026-05-03 06:02:09,DDoS,Energy,Latin America,8,66.75,0.79
2026-02-26 05:04:09,SQL Injection,Finance,Europe,5,52.45,0.4
2026-04-09 05:37:09,SQL Injection,Healthcare,Middle East,7,66.43,0.56
2026-02-27 19:15:09,SQL Injection,Healthcare,Middle East,10,81.51,0.76
2026-05-22 12:10:09,Phishing,Energy,North America,6,54.9,0.48
2026-03-07 21:57:09,Malware,Energy,Asia-Pacific,9,72.4,0.81
2026-03-14 23:56:09,Phishing,Finance,North America,10,87.7,0.78
2026-05-21 15:38:09,SQL Injection,Healthcare,Latin America,2,27.94,0.19
2026-03-28 18:43:09,Ransomware,Finance,Europe,8,89.05,0.74
2026-04-30 23:11:09,DDoS,Energy,Europe,5,50.24,0.4
2026-04-25 22:07:09,Malware,Government,Latin America,5,47.57,0.63
2026-03-17 13:53:09,SQL Injection,Education,Middle East,2,11.6,0.12
2026-03-11 02:17:09,Phishing,Education,Europe,10,80.62,0.76
2026-03-15 04:33:09,Ransomware,Government,Latin America,10,95.93,0.86
2026-05-09 09:52:09,Phishing,Government,Europe,2,31.34,0.21
2026-04-20 06:22:09,DDoS,Healthcare,North America,3,42.66,0.25
2026-04-18 22:22:09,SQL Injection,Healthcare,North America,5,48.38,0.43
2026-05-13 22:23:09,DDoS,Healthcare,Middle East,3,47.39,0.22
2026-05-23 01:13:09,SQL Injection,Education,North America,3,22.29,0.27
2026-04-29 15:46:09,Phishing,Finance,Latin America,5,55.58,0.5
2026-03-30 18:52:09,Ransomware,Government,Europe,5,65.92,0.59
2026-02-27 09:25:09,Ransomware,Finance,Middle East,7,80.61,0.79
2026-03-10 17:40:09,Ransomware,Healthcare,Europe,8,85.82,0.83
2026-04-24 00:43:09,Phishing,Energy,Europe,9,77.03,0.69
2026-04-24 21:15:09,DDoS,Government,Asia-Pacific,5,60.43,0.46
2026-02-25 20:29:09,Ransomware,Finance,Europe,5,58.68,0.62
2026-03-10 09:35:09,Malware,Government,Latin America,2,27.95,0.33
2026-04-08 20:51:09,SQL Injection,Healthcare,Asia-Pacific,7,65.81,0.64
2026-05-16 03:27:09,Ransomware,Energy,Asia-Pacific,6,55.82,0.63
2026-03-22 09:02:09,Ransomware,Healthcare,Middle East,9,94.34,0.77
2026-04-17 07:54:09,Phishing,Government,Middle East,8,73.64,0.68
2026-03-13 06:56:09,Malware,Energy,North America,9,72.31,0.83
2026-04-03 06:02:09,Phishing,Education,North America,8,61.5,0.68
2026-04-07 00:08:09,Malware,Energy,Latin America,3,22.94,0.29
2026-04-06 00:42:09,Malware,Finance,Asia-Pacific,2,28.47,0.32
2026-04-10 13:53:09,Phishing,Finance,Asia-Pacific,6,57.46,0.39
2026-04-16 02:02:09,SQL Injection,Education,Asia-Pacific,1,9.75,0.01
2026-04-18 07:35:09,Ransomware,Education,Europe,8,75.59,0.69
2026-03-13 10:32:09,SQL Injection,Finance,Asia-Pacific,7,64.84,0.58
2026-04-12 17:54:09,SQL Injection,Education,North America,3,24.86,0.25
2026-04-23 02:06:09,DDoS,Education,Asia-Pacific,7,61.92,0.64
2026-03-04 16:40:09,Ransomware,Energy,Asia-Pacific,5,53.67,0.62
2026-02-24 23:45:09,SQL Injection,Government,Europe,6,51.97,0.4
2026-04-11 21:31:09,DDoS,Finance,Middle East,9,91.26,0.8
2026-05-17 21:00:09,Ransomware,Healthcare,Asia-Pacific,2,41.9,0.4
2026-03-03 20:49:09,Malware,Education,North America,3,25.58,0.35
2026-03-21 09:19:09,Malware,Healthcare,Latin America,3,28.1,0.32
2026-04-16 08:59:09,Ransomware,Energy,Latin America,1,23.62,0.26
2026-03-20 01:57:09,Malware,Education,Middle East,6,41.83,0.7
2026-05-04 07:11:09,Phishing,Energy,Asia-Pacific,7,62.24,0.46
2026-04-23 03:11:09,Malware,Energy,Middle East,2,12.0,0.28
2026-04-22 17:03:09,DDoS,Government,Middle East,3,44.82,0.39
2026-02-28 20:58:09,Ransomware,Education,North America,10,90.13,1.0
2026-05-08 00:17:09,Phishing,Government,Latin America,4,46.84,0.27
2026-03-19 00:00:09,Ransomware,Finance,North America,10,100.0,0.9
2026-04-19 05:00:09,SQL Injection,Education,Latin America,5,32.84,0.4
2026-03-08 04:49:09,Malware,Finance,Europe,2,25.27,0.29
2026-04-07 06:09:09,Ransomware,Finance,Asia-Pacific,7,76.23,0.75
2026-04-22 04:09:09,Phishing,Finance,Latin America,9,79.78,0.78
2026-05-23 14:10:09,SQL Injection,Education,Europe,3,24.87,0.33
2026-03-26 16:40:09,Phishing,Energy,Europe,5,45.63,0.42
2026-05-16 17:31:09,SQL Injection,Healthcare,North America,3,31.92,0.29
2026-05-16 13:00:09,Phishing,Healthcare,North America,2,33.86,0.12
2026-05-20 08:25:09,Ransomware,Energy,Middle East,1,22.04,0.2
2026-03-11 21:32:09,DDoS,Energy,Middle East,9,73.85,0.76
2026-04-26 05:23:09,Phishing,Healthcare,Europe,5,51.95,0.47
2026-02-25 00:06:09,SQL Injection,Finance,North America,2,25.42,0.16
2026-03-04 03:08:09,Malware,Education,Middle East,3,22.69,0.38
2026-04-16 15:49:09,Ransomware,Healthcare,North America,8,87.88,0.88
2026-04-07 14:16:09,Phishing,Government,Europe,8,76.13,0.58
2026-03-14 10:26:09,Phishing,Government,Asia-Pacific,9,82.36,0.67
2026-03-14 05:00:09,SQL Injection,Government,Latin America,3,36.99,0.23
2026-03-15 05:38:09,SQL Injection,Energy,Europe,9,65.09,0.73
2026-04-17 20:54:09,SQL Injection,Government,Middle East,8,74.41,0.68
2026-04-24 16:46:09,Phishing,Education,Asia-Pacific,1,10.06,0.0
2026-04-12 10:57:09,Ransomware,Government,Asia-Pacific,5,58.76,0.57
2026-03-31 13:23:09,Phishing,Education,Latin America,1,13.58,0.15
2026-05-03 10:43:09,Phishing,Finance,Middle East,6,59.53,0.53
2026-04-22 11:43:09,Malware,Energy,Asia-Pacific,8,57.39,0.83
2026-02-25 06:46:09,SQL Injection,Education,Latin America,9,68.71,0.63
2026-03-06 07:14:09,SQL Injection,Government,Latin America,10,89.0,0.74
2026-05-15 19:15:09,DDoS,Government,Asia-Pacific,2,31.43,0.12
2026-04-04 16:55:09,Phishing,Healthcare,Europe,10,87.42,0.8
2026-03-31 18:16:09,Phishing,Government,Latin America,10,86.62,0.77
2026-04-27 18:43:09,Ransomware,Education,Asia-Pacific,7,64.38,0.81
2026-03-26 12:17:09,Malware,Education,Asia-Pacific,4,27.98,0.53
2026-04-20 22:22:09,Malware,Education,Latin America,10,74.28,0.9
2026-03-25 08:06:09,Phishing,Government,Europe,8,74.36,0.57
2026-02-22 22:58:09,DDoS,Healthcare,Asia-Pacific,6,64.23,0.49
2026-04-13 08:52:09,DDoS,Finance,Asia-Pacific,9,83.87,0.71
2026-03-22 12:55:09,DDoS,Finance,Latin America,1,30.21,0.04
2026-05-15 16:08:09,SQL Injection,Finance,Latin America,5,52.33,0.5
2026-02-26 05:55:09,Phishing,Healthcare,North America,2,33.11,0.23
2026-05-15 04:09:09,Phishing,Healthcare,Middle East,1,20.88,0.16
2026-02-28 08:41:09,Malware,Finance,Asia-Pacific,1,15.21,0.3
2026-05-08 22:23:09,SQL Injection,Energy,Europe,2,14.9,0.18
2026-03-28 03:07:09,Malware,Finance,Middle East,6,52.53,0.69
2026-03-25 20:57:09,SQL Injection,Government,North America,8,68.22,0.67
2026-05-20 15:11:09,Malware,Government,Latin America,9,76.71,0.79
2026-03-27 20:42:09,SQL Injection,Finance,North America,10,81.27,0.84
2026-02-24 03:03:09,Phishing,Finance,Middle East,1,21.09,0.06
2026-04-02 11:21:09,Phishing,Government,Europe,7,66.77,0.62
2026-04-18 20:04:09,Malware,Healthcare,Middle East,1,12.59,0.23
2026-05-11 05:00:09,Phishing,Government,Latin America,6,55.45,0.56
2026-05-07 00:33:09,Ransomware,Energy,North America,6,59.81,0.63
2026-02-27 00:22:09,SQL Injection,Education,Europe,1,4.24,0.08
2026-04-17 06:18:09,Ransomware,Energy,Asia-Pacific,5,49.29,0.53
2026-03-19 12:21:09,Phishing,Energy,Europe,2,24.47,0.11
2026-03-27 23:22:09,Phishing,Government,North America,9,83.35,0.75
2026-05-06 09:33:09,Phishing,Healthcare,Middle East,4,44.4,0.37
2026-03-30 19:23:09,Malware,Healthcare,Asia-Pacific,3,30.13,0.39
2026-05-19 21:42:09,Phishing,Finance,Asia-Pacific,9,79.57,0.66
2026-05-04 00:51:09,SQL Injection,Energy,Middle East,3,23.41,0.17
2026-05-04 02:59:09,DDoS,Government,Europe,10,99.81,0.81
2026-02-28 08:08:09,DDoS,Finance,North America,5,59.21,0.49
2026-04-20 16:25:09,SQL Injection,Healthcare,Latin America,10,86.7,0.85
2026-03-15 07:20:09,Phishing,Energy,Latin America,1,15.89,0.13
2026-04-22 14:37:09,Phishing,Government,Asia-Pacific,2,29.18,0.18
2026-05-14 12:17:09,Malware,Healthcare,Asia-Pacific,10,89.69,0.86
2026-03-07 05:43:09,Ransomware,Education,Latin America,3,40.43,0.4
2026-05-13 11:20:09,Ransomware,Government,Middle East,1,31.01,0.3
2026-03-04 15:18:09,DDoS,Government,Middle East,2,36.41,0.21
2026-04-13 07:49:09,SQL Injection,Education,Middle East,10,77.09,0.76
2026-02-25 11:34:09,Ransomware,Healthcare,North America,10,99.82,1.0
2026-02-23 16:42:09,Phishing,Government,North America,8,74.98,0.65
2026-05-01 22:29:09,SQL Injection,Healthcare,Middle East,9,73.0,0.8
2026-03-23 03:35:09,Ransomware,Education,Asia-Pacific,9,78.87,0.91
2026-04-06 06:17:09,DDoS,Energy,Latin America,8,71.57,0.67
2026-05-23 15:27:09,SQL Injection,Energy,Middle East,4,33.38,0.3
2026-03-10 11:54:09,DDoS,Government,Asia-Pacific,7,75.81,0.68
2026-04-24 06:33:09,Malware,Finance,North America,6,55.89,0.63
2026-05-16 10:05:09,Ransomware,Education,Asia-Pacific,3,41.92,0.37
2026-04-14 05:17:09,Phishing,Healthcare,Latin America,9,87.04,0.62
2026-04-26 12:04:09,DDoS,Healthcare,Asia-Pacific,7,70.65,0.56
2026-02-28 12:42:09,SQL Injection,Education,Middle East,6,42.76,0.56
2026-04-24 01:23:09,Ransomware,Energy,Asia-Pacific,7,66.36,0.65
2026-04-15 01:47:09,Malware,Healthcare,Latin America,4,40.25,0.53
2026-04-06 09:50:09,Phishing,Healthcare,North America,6,62.39,0.56
2026-05-23 16:34:09,SQL Injection,Education,North America,9,71.67,0.64
2026-03-22 06:52:09,Malware,Healthcare,Asia-Pacific,2,26.05,0.26
2026-04-02 23:52:09,DDoS,Healthcare,Europe,6,69.35,0.54
2026-03-10 09:23:09,Phishing,Education,Asia-Pacific,1,12.7,0.1
2026-04-26 21:01:09,Phishing,Healthcare,Europe,7,68.53,0.62
2026-05-03 16:06:09,Ransomware,Healthcare,Middle East,4,55.86,0.42
2026-04-05 19:52:09,Malware,Education,North America,4,34.88,0.52
2026-03-12 12:16:09,Ransomware,Education,Europe,5,49.92,0.47
2026-04-09 02:44:09,Phishing,Healthcare,Latin America,10,86.93,0.89
2026-03-12 19:41:09,DDoS,Finance,Middle East,4,52.27,0.31
2026-03-16 03:06:09,Phishing,Finance,Asia-Pacific,6,57.02,0.42
2026-04-09 12:28:09,DDoS,Government,Middle East,6,60.38,0.44
2026-03-25 15:12:09,Malware,Finance,North America,1,21.08,0.3
2026-03-23 08:41:09,Phishing,Government,Asia-Pacific,2,34.95,0.08
2026-03-29 07:05:09,Phishing,Energy,Middle East,2,21.6,0.13
2026-04-02 01:35:09,SQL Injection,Energy,North America,3,19.25,0.24
2026-03-13 08:48:09,Ransomware,Government,North America,10,98.79,0.92
2026-04-26 05:16:09,SQL Injection,Healthcare,North America,5,49.03,0.37
2026-05-05 15:15:09,Phishing,Government,Europe,2,26.65,0.2
2026-04-20 18:18:09,Ransomware,Finance,North America,4,52.23,0.37
2026-04-04 09:05:09,Malware,Healthcare,Asia-Pacific,9,73.26,0.85
2026-04-09 05:54:09,Phishing,Finance,Asia-Pacific,3,38.52,0.15
2026-05-04 12:10:09,DDoS,Government,Asia-Pacific,2,35.58,0.12
2026-05-09 04:45:09,Ransomware,Education,Asia-Pacific,8,73.36,0.84
2026-02-23 19:44:09,DDoS,Government,Europe,4,53.82,0.41
2026-03-06 07:34:09,DDoS,Education,Middle East,8,74.93,0.75
2026-04-03 04:16:09,Malware,Energy,Europe,1,4.35,0.3
2026-02-26 21:01:09,SQL Injection,Healthcare,Middle East,1,14.6,0.09
2026-04-25 14:48:09,SQL Injection,Healthcare,North America,8,70.98,0.66
2026-05-08 10:45:09,Phishing,Education,North America,8,60.96,0.66
2026-02-25 05:02:09,Phishing,Government,North America,9,85.04,0.63
2026-05-04 09:04:09,SQL Injection,Finance,Europe,1,17.63,0.04
2026-04-17 00:42:09,SQL Injection,Education,Latin America,3,22.3,0.15
2026-04-05 19:28:09,Phishing,Energy,Middle East,1,11.2,0.17
2026-04-27 05:20:09,DDoS,Energy,North America,3,32.93,0.3
2026-04-08 03:45:09,Ransomware,Energy,North America,5,53.11,0.47
2026-03-20 22:58:09,SQL Injection,Energy,Middle East,6,43.97,0.46
2026-05-19 09:05:09,Ransomware,Government,Middle East,3,45.28,0.33
2026-04-22 03:49:09,SQL Injection,Healthcare,Asia-Pacific,7,66.0,0.5
2026-02-23 10:15:09,SQL Injection,Education,North America,5,34.0,0.38
2026-03-08 16:23:09,Phishing,Education,Latin America,6,54.79,0.56
2026-03-22 06:18:09,DDoS,Education,Middle East,7,59.43,0.55
2026-05-05 11:06:09,SQL Injection,Energy,North America,7,51.35,0.48
2026-03-13 04:59:09,DDoS,Energy,Middle East,6,56.64,0.48
2026-04-29 03:51:09,Ransomware,Education,Latin America,5,52.24,0.46
2026-05-08 16:33:09,SQL Injection,Education,North America,4,28.68,0.41
2026-04-15 21:40:09,DDoS,Energy,Middle East,5,48.99,0.5
2026-03-22 17:53:09,Phishing,Healthcare,Middle East,6,64.45,0.49
2026-03-16 03:41:09,SQL Injection,Energy,Middle East,5,36.94,0.33
2026-05-22 05:25:09,SQL Injection,Healthcare,Asia-Pacific,10,89.11,0.8
2026-03-26 16:43:09,Phishing,Government,Asia-Pacific,3,37.46,0.22
2026-03-16 14:27:09,Phishing,Energy,Latin America,8,63.55,0.6
2026-05-10 20:05:09,Malware,Education,North America,10,76.17,0.86
2026-02-25 01:43:09,DDoS,Education,Europe,5,44.48,0.45
2026-04-30 02:35:09,SQL Injection,Healthcare,Asia-Pacific,1,15.01,0.14
2026-04-13 04:02:09,Phishing,Finance,Asia-Pacific,3,39.47,0.31
2026-05-15 23:46:09,Ransomware,Healthcare,Europe,8,89.72,0.78
2026-03-30 03:47:09,Ransomware,Education,Asia-Pacific,7,63.29,0.77
2026-03-26 04:02:09,DDoS,Healthcare,Europe,2,33.79,0.23
2026-04-14 09:27:09,Malware,Finance,Europe,1,21.25,0.18
2026-04-25 14:12:09,Malware,Education,North America,8,63.21,0.7
2026-03-24 13:22:09,Phishing,Education,North America,9,73.83,0.71
2026-03-27 05:18:09,DDoS,Education,Europe,6,51.9,0.59
2026-03-01 05:52:09,Ransomware,Finance,North America,4,58.1,0.52
2026-04-22 18:08:09,SQL Injection,Finance,Asia-Pacific,1,12.54,0.02
2026-04-13 03:29:09,DDoS,Healthcare,Middle East,2,34.52,0.28
2026-03-30 22:22:09,SQL Injection,Government,Middle East,2,29.24,0.21
2026-04-16 07:49:09,SQL Injection,Government,Middle East,6,57.22,0.45
2026-05-12 12:44:09,Malware,Healthcare,North America,8,65.08,0.78
2026-05-19 12:10:09,DDoS,Finance,North America,6,67.39,0.44
2026-03-07 07:46:09,Phishing,Healthcare,Latin America,10,91.45,0.79
2026-04-10 05:57:09,DDoS,Education,Latin America,1,13.35,0.21
2026-03-20 12:25:09,DDoS,Government,North America,10,93.18,0.91
2026-03-12 08:01:09,Ransomware,Finance,Middle East,4,54.53,0.54
2026-03-17 20:15:09,SQL Injection,Energy,Middle East,10,78.56,0.77
2026-04-25 23:38:09,SQL Injection,Government,Asia-Pacific,3,35.9,0.27
2026-03-01 14:07:09,Ransomware,Energy,Europe,3,36.83,0.36
2026-05-22 14:08:09,SQL Injection,Finance,Latin America,4,42.99,0.31
2026-03-19 07:48:09,SQL Injection,Energy,North America,3,19.15,0.26
2026-04-30 08:13:09,Ransomware,Education,Europe,8,70.53,0.76
2026-04-29 09:06:09,DDoS,Education,Middle East,3,34.92,0.22
2026-04-11 01:50:09,SQL Injection,Healthcare,Asia-Pacific,10,88.37,0.74
2026-04-30 21:56:09,DDoS,Healthcare,Middle East,5,54.36,0.46
2026-05-16 01:03:09,DDoS,Finance,Middle East,4,51.69,0.45
2026-04-16 16:40:09,Malware,Finance,Latin America,3,28.62,0.36
2026-03-05 09:51:09,Phishing,Government,Asia-Pacific,9,85.46,0.75
2026-05-19 03:56:09,Ransomware,Healthcare,Latin America,4,59.22,0.52
2026-02-28 12:00:09,Malware,Healthcare,Asia-Pacific,4,39.76,0.37
2026-04-21 21:35:09,Malware,Education,Europe,7,55.09,0.67
2026-05-22 04:41:09,Ransomware,Education,Middle East,7,67.49,0.71
2026-04-17 03:26:09,Phishing,Education,Middle East,1,10.81,0.15
2026-05-19 10:45:09,SQL Injection,Energy,Asia-Pacific,7,53.4,0.57
2026-04-20 04:03:09,Malware,Finance,Middle East,9,81.39,0.96
2026-03-06 01:57:09,Phishing,Government,Asia-Pacific,5,55.78,0.43
2026-03-24 02:14:09,Phishing,Education,Middle East,1,9.21,0.07
2026-04-08 07:13:09,DDoS,Energy,Asia-Pacific,10,81.26,0.88
2026-02-23 16:02:09,SQL Injection,Government,North America,5,51.03,0.47
2026-05-04 20:11:09,Phishing,Education,North America,1,13.64,0.08
2026-05-21 00:52:09,Phishing,Finance,Asia-Pacific,10,91.43,0.75
2026-05-05 03:34:09,Malware,Finance,North America,5,45.73,0.61
2026-03-15 12:46:09,Phishing,Finance,Europe,8,72.34,0.63
2026-02-26 00:16:09,DDoS,Finance,Europe,5,61.64,0.51
2026-05-10 15:36:09,DDoS,Energy,Asia-Pacific,2,26.26,0.21
2026-05-09 18:10:09,Ransomware,Healthcare,Europe,3,48.79,0.47
2026-03-31 04:23:09,SQL Injection,Finance,Latin America,2,22.41,0.07
2026-03-22 04:23:09,Phishing,Government,Middle East,5,50.82,0.32
2026-03-24 16:50:09,DDoS,Finance,Latin America,10,96.49,0.87
2026-05-21 04:36:09,Malware,Government,Europe,1,19.65,0.31
2026-03-02 19:37:09,SQL Injection,Healthcare,North America,5,47.65,0.38
2026-03-28 09:27:09,DDoS,Finance,North America,5,55.79,0.43
2026-02-28 06:37:09,DDoS,Education,Europe,5,45.59,0.41
2026-05-15 07:56:09,DDoS,Finance,Middle East,2,38.63,0.13
2026-04-28 07:09:09,Malware,Government,North America,7,63.08,0.76
2026-04-15 18:00:09,SQL Injection,Finance,Europe,2,23.2,0.19
2026-03-31 10:17:09,Malware,Finance,Asia-Pacific,6,57.61,0.72
2026-04-05 17:16:09,Malware,Education,Asia-Pacific,10,72.83,0.86
2026-04-19 10:56:09,DDoS,Education,Middle East,10,80.0,0.89
2026-04-10 23:07:09,Phishing,Education,North America,8,63.29,0.67
2026-02-28 00:01:09,SQL Injection,Government,Asia-Pacific,2,21.17,0.2
2026-03-20 04:37:09,DDoS,Finance,North America,4,51.4,0.32
2026-04-23 15:18:09,Phishing,Healthcare,Europe,7,68.87,0.53
2026-03-14 17:18:09,Ransomware,Government,North America,4,50.68,0.56
2026-03-24 23:10:09,SQL Injection,Healthcare,Middle East,5,47.71,0.36
2026-05-09 03:39:09,Phishing,Energy,North America,9,73.27,0.71
2026-04-15 23:40:09,DDoS,Finance,Middle East,2,31.92,0.28
2026-02-28 04:13:09,Malware,Finance,Europe,4,36.2,0.52
2026-04-23 16:21:09,Malware,Finance,North America,6,55.84,0.57
2026-03-19 11:50:09,Phishing,Finance,Middle East,2,33.36,0.24
2026-04-10 16:39:09,SQL Injection,Finance,Asia-Pacific,10,80.52,0.83
2026-05-03 23:56:09,Malware,Government,Asia-Pacific,1,19.48,0.22
2026-05-13 12:22:09,Phishing,Finance,Middle East,10,91.0,0.85
2026-03-27 09:22:09,SQL Injection,Finance,Middle East,4,35.32,0.35
2026-05-03 23:04:09,Ransomware,Education,Asia-Pacific,8,72.57,0.86
2026-03-01 14:14:09,Malware,Energy,Latin America,3,18.77,0.4
2026-05-04 17:15:09,DDoS,Healthcare,Latin America,7,71.29,0.53
2026-05-04 10:36:09,DDoS,Energy,North America,5,44.9,0.48
2026-03-17 07:58:09,Malware,Healthcare,Latin America,1,16.14,0.17
2026-05-10 00:52:09,SQL Injection,Finance,Latin America,10,89.83,0.88
2026-05-03 08:56:09,DDoS,Energy,North America,8,74.6,0.63
2026-04-18 15:28:09,Malware,Energy,Latin America,6,41.17,0.63
2026-05-17 06:51:09,Phishing,Finance,Asia-Pacific,3,32.66,0.15
2026-04-26 07:50:09,Ransomware,Finance,Asia-Pacific,5,62.81,0.58
2026-03-17 13:41:09,Malware,Finance,Asia-Pacific,9,78.64,0.89
2026-04-22 06:04:09,Malware,Education,Europe,8,55.69,0.77
2026-03-25 16:20:09,Phishing,Energy,Latin America,6,51.27,0.54
2026-05-19 03:51:09,SQL Injection,Energy,Asia-Pacific,7,48.7,0.51
2026-05-01 08:20:09,DDoS,Government,Middle East,7,77.19,0.69
2026-05-12 12:47:09,SQL Injection,Energy,Europe,10,73.57,0.75
2026-03-20 00:20:09,DDoS,Healthcare,Asia-Pacific,8,77.64,0.67
2026-04-22 12:22:09,Malware,Government,Asia-Pacific,7,66.14,0.66
2026-03-14 01:12:09,DDoS,Healthcare,Europe,10,97.14,0.84
2026-03-21 19:48:09,SQL Injection,Finance,Asia-Pacific,3,37.04,0.31
2026-05-09 22:00:09,Ransomware,Finance,North America,10,95.72,1.0
2026-04-28 22:45:09,Phishing,Finance,Middle East,7,64.2,0.5
2026-04-17 03:53:09,DDoS,Healthcare,North America,5,53.94,0.39
2026-05-18 12:42:09,Ransomware,Government,Latin America,1,36.79,0.29
2026-03-04 11:20:09,Phishing,Finance,Europe,2,25.4,0.21
2026-04-28 02:45:09,SQL Injection,Healthcare,Latin America,6,57.34,0.47
2026-03-05 02:23:09,SQL Injection,Finance,Latin America,9,78.69,0.72
2026-03-23 07:47:09,Malware,Energy,Middle East,4,31.9,0.47
2026-04-06 16:27:09,Ransomware,Healthcare,Middle East,5,63.66,0.61
2026-04-17 13:07:09,SQL Injection,Government,Asia-Pacific,9,74.17,0.69
2026-03-17 20:57:09,DDoS,Healthcare,North America,9,89.66,0.73
2026-03-23 12:05:09,Ransomware,Energy,North America,1,23.28,0.15
2026-03-08 03:20:09,Malware,Finance,Middle East,3,28.49,0.34
2026-04-16 15:59:09,Phishing,Government,Europe,3,39.98,0.14
2026-03-25 23:56:09,Ransomware,Government,Latin America,2,39.65,0.4
2026-04-24 14:32:09,Phishing,Healthcare,Asia-Pacific,9,78.9,0.8
2026-04-03 07:36:09,Phishing,Energy,Europe,9,74.31,0.78
2026-03-10 09:43:09,Ransomware,Energy,Europe,3,41.15,0.42
2026-03-25 12:00:09,Malware,Energy,Asia-Pacific,8,57.82,0.74
2026-05-21 00:21:09,DDoS,Energy,Latin America,2,25.05,0.28
2026-04-18 05:51:09,Phishing,Government,Latin America,6,63.84,0.54
2026-03-22 11:33:09,Ransomware,Government,Europe,3,51.95,0.41
2026-04-14 20:49:09,SQL Injection,Healthcare,Latin America,5,45.39,0.47
2026-05-18 23:01:09,Ransomware,Education,North America,6,56.37,0.71
2026-03-17 19:47:09,Phishing,Finance,Latin America,4,47.44,0.36
2026-03-07 03:12:09,Ransomware,Healthcare,Europe,3,43.8,0.32
2026-04-02 09:35:09,Phishing,Government,North America,4,43.37,0.26
2026-05-23 15:17:09,Phishing,Energy,Middle East,4,32.64,0.4
2026-05-15 22:43:09,Phishing,Government,Asia-Pacific,7,66.25,0.61
2026-05-05 14:56:09,DDoS,Energy,Middle East,3,32.39,0.31
2026-05-17 23:23:09,SQL Injection,Finance,Europe,10,85.25,0.74
2026-04-22 23:11:09,Phishing,Government,North America,4,45.56,0.27
2026-04-29 07:52:09,Malware,Energy,Asia-Pacific,9,67.33,0.95
2026-03-21 15:47:09,DDoS,Healthcare,North America,4,50.64,0.35
2026-03-23 08:14:09,DDoS,Energy,Europe,7,58.15,0.58
2026-04-30 11:10:09,SQL Injection,Education,Europe,8,60.78,0.68
2026-03-24 10:06:09,Ransomware,Government,Asia-Pacific,10,100.0,0.99
2026-03-31 08:53:09,Ransomware,Education,North America,3,32.64,0.39
2026-03-12 10:52:09,Phishing,Finance,Middle East,2,30.32,0.14
2026-05-01 03:01:09,Phishing,Education,Middle East,1,13.1,0.09
2026-04-25 11:17:09,DDoS,Energy,Asia-Pacific,10,83.66,0.92
2026-04-15 18:55:09,SQL Injection,Energy,Europe,5,37.07,0.42
2026-03-14 09:35:09,SQL Injection,Government,North America,4,44.67,0.4
2026-05-08 23:17:09,Phishing,Healthcare,Latin America,9,81.65,0.71
2026-05-01 10:23:09,Phishing,Government,Europe,2,26.93,0.06
2026-02-27 08:57:09,Ransomware,Healthcare,North America,2,40.68,0.35
2026-04-07 00:34:09,DDoS,Education,Asia-Pacific,1,14.43,0.2
2026-02-23 16:04:09,DDoS,Government,Middle East,7,67.68,0.54
2026-04-12 14:27:09,SQL Injection,Government,Asia-Pacific,1,20.66,0.18
2026-04-16 23:09:09,Phishing,Government,Asia-Pacific,4,43.86,0.24
2026-04-16 13:26:09,Phishing,Energy,North America,6,45.64,0.49
2026-04-26 16:59:09,Malware,Energy,North America,3,18.83,0.38
2026-04-29 09:08:09,Ransomware,Energy,Latin America,6,57.48,0.54
2026-04-04 07:33:09,Phishing,Government,Europe,1,20.89,0.04
2026-05-12 08:13:09,Phishing,Energy,North America,6,49.59,0.49
2026-04-16 09:13:09,SQL Injection,Healthcare,North America,4,40.8,0.27
2026-05-11 14:24:09,DDoS,Finance,Middle East,6,64.89,0.53
2026-02-28 14:34:09,Malware,Energy,Asia-Pacific,7,55.37,0.66
2026-04-27 16:32:09,SQL Injection,Finance,Asia-Pacific,6,51.1,0.4
2026-04-01 20:27:09,DDoS,Government,Asia-Pacific,9,92.34,0.68
2026-04-18 19:42:09,SQL Injection,Healthcare,North America,5,51.43,0.31
2026-05-11 10:35:09,SQL Injection,Government,Europe,7,67.22,0.66
2026-02-24 17:13:09,DDoS,Healthcare,Latin America,4,51.19,0.44
2026-04-28 06:47:09,SQL Injection,Education,North America,2,12.63,0.24
2026-05-20 16:25:09,Malware,Healthcare,Latin America,4,35.34,0.43
2026-03-19 18:06:09,Malware,Finance,Middle East,4,40.27,0.55
2026-05-08 15:38:09,DDoS,Healthcare,Asia-Pacific,5,58.47,0.4
2026-04-02 23:28:09,Phishing,Healthcare,Europe,2,25.59,0.25
2026-03-11 01:29:09,Phishing,Government,North America,4,49.01,0.36
2026-05-20 21:10:09,DDoS,Finance,Middle East,10,93.84,0.92
2026-04-07 02:17:09,Phishing,Healthcare,Middle East,9,82.33,0.69
2026-03-30 12:55:09,DDoS,Finance,Europe,9,86.62,0.7
2026-05-06 10:55:09,SQL Injection,Healthcare,Asia-Pacific,3,32.52,0.31
2026-04-06 23:58:09,DDoS,Healthcare,North America,7,73.62,0.69
2026-03-15 20:30:09,SQL Injection,Healthcare,Asia-Pacific,6,50.98,0.54
2026-04-19 23:31:09,Malware,Education,Middle East,2,10.83,0.39
2026-03-16 13:42:09,DDoS,Finance,North America,8,80.65,0.66
2026-03-13 16:58:09,SQL Injection,Education,North America,10,72.36,0.84
2026-03-10 14:09:09,SQL Injection,Education,Latin America,3,22.58,0.21
2026-03-11 15:01:09,Phishing,Education,Latin America,8,62.51,0.56
2026-03-08 12:07:09,Malware,Education,North America,8,63.01,0.73
2026-04-14 23:47:09,SQL Injection,Finance,Latin America,2,21.72,0.09
2026-03-06 03:30:09,SQL Injection,Healthcare,Middle East,5,47.73,0.42
2026-04-20 21:03:09,Ransomware,Education,Latin America,4,47.05,0.46
2026-03-15 00:09:09,Ransomware,Energy,North America,8,78.5,0.79
2026-05-22 20:34:09,SQL Injection,Energy,Europe,6,43.54,0.57
2026-05-04 12:46:09,Phishing,Government,Europe,7,63.15,0.6
2026-05-13 09:10:09,Ransomware,Education,Asia-Pacific,5,52.97,0.52
2026-04-21 06:36:09,Malware,Energy,Europe,8,58.73,0.86
2026-03-31 07:14:09,Malware,Education,North America,2,18.54,0.38
2026-02-27 11:09:09,Malware,Education,Latin America,7,50.04,0.64
2026-04-18 15:42:09,DDoS,Finance,Latin America,1,23.11,0.13
2026-04-08 18:16:09,SQL Injection,Energy,North America,2,10.59,0.06
2026-04-12 07:18:09,Ransomware,Government,North America,4,53.13,0.45
2026-05-13 21:15:09,Malware,Finance,Latin America,7,60.67,0.72
2026-04-07 15:22:09,Phishing,Education,Latin America,4,37.67,0.26
2026-03-24 16:36:09,Ransomware,Energy,Middle East,1,23.92,0.31
2026-05-09 20:12:09,Ransomware,Finance,Asia-Pacific,7,72.96,0.62
2026-05-12 13:14:09,DDoS,Energy,Middle East,6,51.89,0.62
2026-05-09 21:56:09,Phishing,Education,Asia-Pacific,4,31.11,0.24
2026-04-13 04:04:09,SQL Injection,Healthcare,North America,7,57.51,0.57
2026-03-21 12:25:09,SQL Injection,Government,North America,7,59.65,0.55
2026-03-01 12:34:09,Malware,Energy,Europe,4,32.85,0.53
2026-04-07 00:27:09,Malware,Finance,Europe,9,79.33,0.88
2026-03-05 12:03:09,DDoS,Finance,Middle East,7,75.09,0.7
2026-03-24 13:00:09,DDoS,Education,Middle East,8,66.97,0.69
2026-04-29 13:46:09,SQL Injection,Energy,Asia-Pacific,9,67.41,0.72
2026-04-30 23:12:09,Phishing,Finance,Middle East,5,50.19,0.37
2026-05-06 16:56:09,DDoS,Government,Asia-Pacific,6,62.4,0.61
2026-03-20 13:08:09,DDoS,Healthcare,Asia-Pacific,6,65.24,0.52
2026-03-06 08:36:09,Ransomware,Energy,Latin America,2,34.24,0.25
2026-04-10 09:48:09,DDoS,Energy,North America,3,28.7,0.23
2026-03-14 07:45:09,SQL Injection,Education,Middle East,2,11.16,0.09
2026-03-24 13:33:09,Ransomware,Energy,Europe,5,56.99,0.58
2026-03-10 07:11:09,SQL Injection,Education,Europe,10,77.55,0.82
2026-05-03 05:23:09,SQL Injection,Education,Middle East,6,41.23,0.58
2026-04-27 19:12:09,Ransomware,Healthcare,North America,7,73.73,0.63
2026-04-13 07:13:09,SQL Injection,Education,Asia-Pacific,9,67.0,0.79
2026-04-17 02:16:09,Phishing,Government,North America,10,89.23,0.77
2026-04-02 03:03:09,Ransomware,Government,Asia-Pacific,4,50.76,0.37
2026-04-29 18:48:09,Malware,Education,Middle East,1,4.41,0.19
2026-03-06 07:00:09,Ransomware,Healthcare,Asia-Pacific,6,73.96,0.64
2026-05-14 04:45:09,Malware,Healthcare,Europe,9,78.23,0.96
2026-05-02 09:24:09,Malware,Energy,Middle East,1,8.75,0.14
2026-05-20 13:50:09,Ransomware,Government,Middle East,3,47.39,0.31
2026-03-28 22:52:09,DDoS,Government,Asia-Pacific,7,76.07,0.6
2026-04-15 23:38:09,Malware,Healthcare,Asia-Pacific,1,17.28,0.2
2026-05-04 02:05:09,Malware,Energy,North America,7,57.22,0.62
2026-05-20 04:24:09,SQL Injection,Energy,Middle East,5,35.37,0.47
2026-03-27 03:04:09,Malware,Finance,Middle East,8,69.58,0.81
2026-04-29 17:07:09,Malware,Finance,Europe,9,72.72,0.82
2026-03-04 15:27:09,Phishing,Healthcare,Europe,8,78.22,0.55
2026-02-24 15:11:09,Malware,Government,Europe,6,53.97,0.66
2026-03-20 18:02:09,Malware,Education,Middle East,3,26.71,0.42
2026-04-04 14:30:09,Ransomware,Energy,Latin America,7,63.07,0.78
2026-05-11 12:42:09,Malware,Energy,Middle East,1,5.85,0.26
2026-05-10 06:08:09,Phishing,Education,Middle East,8,67.83,0.66
2026-04-22 01:29:09,DDoS,Energy,Middle East,8,66.22,0.76
2026-04-16 08:15:09,DDoS,Education,North America,1,13.3,0.08
2026-05-22 00:56:09,Ransomware,Finance,Middle East,7,78.67,0.75
2026-05-14 08:40:09,Ransomware,Energy,North America,7,69.52,0.66
2026-05-18 17:50:09,Ransomware,Healthcare,Asia-Pacific,7,74.47,0.75
2026-05-05 13:27:09,Ransomware,Energy,North America,1,22.54,0.3
2026-05-05 17:51:09,DDoS,Finance,Middle East,5,56.64,0.36
2026-05-18 04:18:09,SQL Injection,Government,North America,8,69.16,0.68
2026-03-08 08:09:09,SQL Injection,Healthcare,Latin America,8,72.83,0.62
2026-03-02 23:39:09,SQL Injection,Government,Middle East,4,39.17,0.3
2026-03-23 09:41:09,Malware,Healthcare,Middle East,3,32.68,0.45
2026-03-21 02:12:09,DDoS,Education,Asia-Pacific,1,20.57,0.13
2026-04-24 01:55:09,DDoS,Education,North America,7,63.72,0.58
2026-03-15 19:23:09,Malware,Government,North America,5,45.15,0.55
2026-04-13 08:14:09,DDoS,Healthcare,Middle East,8,78.99,0.61
2026-04-03 16:52:09,Ransomware,Education,Europe,8,71.8,0.76
2026-05-12 03:31:09,SQL Injection,Healthcare,Latin America,8,72.76,0.7
2026-03-06 05:33:09,Ransomware,Energy,Middle East,2,25.57,0.29
2026-03-30 19:59:09,Ransomware,Energy,Latin America,10,89.37,1.0
2026-03-01 01:50:09,Malware,Healthcare,Latin America,8,68.62,0.75
2026-03-20 18:33:09,DDoS,Energy,Middle East,4,36.94,0.29
2026-04-05 03:22:09,Malware,Energy,Latin America,8,55.71,0.7
2026-04-09 21:00:09,Phishing,Healthcare,North America,8,78.01,0.58
2026-05-16 03:30:09,SQL Injection,Government,Middle East,1,21.99,0.16
2026-03-30 05:06:09,SQL Injection,Finance,Middle East,5,46.19,0.42
2026-02-28 11:45:09,Ransomware,Healthcare,North America,4,56.52,0.39
2026-03-19 15:10:09,Phishing,Healthcare,Europe,2,26.58,0.13
2026-05-04 07:54:09,Malware,Government,Europe,9,81.68,0.81
2026-03-08 04:40:09,Phishing,Finance,North America,7,66.44,0.57
2026-02-25 19:23:09,DDoS,Energy,Middle East,5,51.44,0.53
2026-02-23 03:51:09,Malware,Education,Middle East,8,63.87,0.8
2026-03-08 17:51:09,Ransomware,Education,North America,3,33.23,0.42
2026-05-12 11:07:09,Phishing,Energy,Latin America,1,7.87,0.01
2026-04-20 21:05:09,SQL Injection,Education,North America,4,32.43,0.26
2026-02-26 07:08:09,Phishing,Healthcare,Europe,1,21.31,0.06
2026-03-18 08:54:09,SQL Injection,Government,North America,2,23.53,0.23
2026-04-04 01:13:09,Ransomware,Government,North America,2,42.29,0.26
2026-04-01 01:19:09,Phishing,Healthcare,Middle East,3,40.88,0.21
2026-03-13 12:24:09,Phishing,Government,Asia-Pacific,1,19.75,0.0
2026-03-20 08:39:09,Ransomware,Finance,North America,3,51.44,0.37
2026-05-15 22:11:09,Malware,Education,Europe,1,4.64,0.24
2026-04-02 19:41:09,SQL Injection,Education,Middle East,4,33.8,0.34
2026-05-17 19:10:09,Ransomware,Healthcare,Latin America,3,46.07,0.43
2026-05-04 06:59:09,SQL Injection,Energy,Asia-Pacific,10,79.77,0.88
2026-04-24 06:54:09,SQL Injection,Education,Europe,5,36.0,0.4
2026-04-30 06:03:09,Ransomware,Government,Asia-Pacific,6,66.64,0.62
2026-03-18 17:22:09,Ransomware,Government,North America,10,98.85,1.0
2026-03-30 17:39:09,Malware,Education,Middle East,4,26.93,0.39
2026-04-13 23:15:09,Phishing,Energy,North America,7,58.64,0.52
2026-04-10 16:51:09,Phishing,Government,Latin America,9,85.92,0.79
2026-04-20 19:34:09,SQL Injection,Government,Europe,3,36.58,0.28
2026-05-15 17:28:09,DDoS,Education,Asia-Pacific,5,43.0,0.53
2026-03-14 01:06:09,DDoS,Government,Europe,9,88.0,0.74
2026-03-19 09:32:09,Phishing,Government,Asia-Pacific,4,40.48,0.25
2026-04-01 22:10:09,SQL Injection,Government,Asia-Pacific,10,84.45,0.78
2026-05-19 23:34:09,DDoS,Education,North America,6,53.12,0.52
2026-04-05 08:15:09,Phishing,Energy,Asia-Pacific,9,74.19,0.78
2026-05-10 19:44:09,DDoS,Finance,Europe,6,62.82,0.51
2026-03-31 16:13:09,Malware,Healthcare,Middle East,4,42.03,0.37
2026-04-12 23:24:09,Phishing,Finance,Asia-Pacific,7,72.34,0.62
2026-05-22 06:03:09,DDoS,Education,Middle East,6,51.57,0.44
2026-03-29 17:02:09,SQL Injection,Education,Europe,4,27.44,0.25
2026-03-08 07:24:09,Ransomware,Energy,Europe,7,64.12,0.7
2026-05-17 00:30:09,Malware,Education,Middle East,7,49.36,0.78
2026-05-18 20:29:09,Ransomware,Government,Europe,8,89.35,0.71
2026-04-13 05:51:09,Ransomware,Finance,Latin America,2,42.7,0.26
2026-03-14 18:17:09,DDoS,Government,Latin America,6,62.92,0.45
2026-03-07 09:11:09,SQL Injection,Healthcare,North America,5,43.72,0.33
2026-03-11 19:32:09,Ransomware,Government,Latin America,10,95.68,0.96
2026-05-14 18:13:09,Ransomware,Energy,Middle East,4,48.09,0.39
2026-05-10 00:27:09,Malware,Energy,Europe,4,29.81,0.4
2026-03-10 10:40:09,Phishing,Finance,Asia-Pacific,7,64.95,0.46
2026-05-11 23:31:09,Phishing,Government,Asia-Pacific,8,70.91,0.59
2026-03-13 20:12:09,Ransomware,Finance,Middle East,8,84.53,0.79
2026-02-24 04:00:09,Malware,Government,Latin America,1,13.13,0.24
2026-05-01 01:27:09,DDoS,Healthcare,Europe,6,63.97,0.57
2026-04-18 23:38:09,Ransomware,Energy,Middle East,4,49.18,0.53
2026-05-19 06:07:09,Malware,Healthcare,Europe,4,36.39,0.43
2026-05-16 05:43:09,Malware,Healthcare,North America,2,23.87,0.28
2026-05-05 01:45:09,SQL Injection,Energy,Asia-Pacific,2,15.77,0.25
2026-03-08 17:59:09,SQL Injection,Government,Europe,7,59.98,0.6
2026-05-05 05:53:09,Phishing,Healthcare,Europe,7,67.31,0.47
2026-04-02 10:15:09,Ransomware,Education,Latin America,2,27.02,0.25
2026-04-21 07:31:09,SQL Injection,Healthcare,Europe,3,37.37,0.27
2026-03-03 02:27:09,Malware,Finance,Latin America,10,80.38,0.98
2026-03-14 18:53:09,Malware,Energy,Middle East,9,65.78,0.88
2026-04-29 01:10:09,Malware,Finance,North America,6,57.31,0.71
2026-05-10 02:51:09,Phishing,Energy,Middle East,2,20.91,0.1
2026-04-28 05:03:09,Phishing,Finance,Latin America,3,34.58,0.19
2026-02-25 04:06:09,Phishing,Government,Asia-Pacific,2,25.99,0.13
2026-04-10 13:36:09,Malware,Government,Latin America,2,20.64,0.3
2026-05-19 05:40:09,DDoS,Energy,Middle East,1,14.32,0.2
2026-03-06 09:27:09,DDoS,Government,Asia-Pacific,7,75.09,0.61
2026-02-27 10:37:09,Malware,Energy,Latin America,7,55.84,0.68
2026-05-15 11:47:09,DDoS,Government,Latin America,9,87.13,0.79
2026-04-28 06:35:09,SQL Injection,Finance,Middle East,10,82.51,0.87
2026-05-07 02:12:09,SQL Injection,Energy,Latin America,5,38.5,0.46
2026-05-23 15:43:09,Phishing,Government,North America,10,86.0,0.81
2026-02-27 01:52:09,Malware,Education,Asia-Pacific,6,45.34,0.66
2026-02-23 19:50:09,DDoS,Government,Europe,9,84.16,0.87
2026-04-11 16:29:09,Ransomware,Education,Europe,6,63.63,0.6
2026-03-26 09:43:09,Malware,Healthcare,Europe,2,20.73,0.23
2026-04-29 20:08:09,SQL Injection,Education,Europe,3,19.23,0.3
2026-03-15 08:40:09,Phishing,Healthcare,Latin America,9,84.31,0.64
2026-03-23 23:40:09,Ransomware,Finance,Asia-Pacific,6,71.21,0.63
2026-03-21 01:11:09,SQL Injection,Education,Europe,3,18.38,0.29
2026-03-17 18:14:09,Phishing,Healthcare,Latin America,1,20.44,0.15
2026-03-19 02:37:09,DDoS,Energy,Middle East,7,63.01,0.62
2026-04-20 16:44:09,Malware,Energy,Asia-Pacific,10,77.25,0.89
2026-03-24 10:00:09,Malware,Education,Latin America,3,21.85,0.43
2026-04-15 23:05:09,DDoS,Government,Asia-Pacific,2,35.14,0.27
2026-03-02 21:28:09,DDoS,Healthcare,Latin America,10,92.24,0.84
2026-03-04 23:37:09,Phishing,Energy,North America,8,69.85,0.73
2026-05-04 23:51:09,Malware,Energy,Europe,8,62.15,0.79
2026-05-04 13:20:09,SQL Injection,Energy,Latin America,10,78.68,0.88
2026-03-22 14:00:09,Malware,Government,Asia-Pacific,1,20.54,0.16
2026-04-26 09:48:09,SQL Injection,Energy,Asia-Pacific,9,64.53,0.81
2026-05-13 11:51:09,SQL Injection,Healthcare,Middle East,4,44.64,0.27
2026-05-10 05:27:09,SQL Injection,Energy,Europe,10,71.59,0.8
2026-03-19 06:25:09,SQL Injection,Finance,Europe,7,59.16,0.6
2026-03-27 23:26:09,Ransomware,Education,Europe,8,75.16,0.79
2026-05-04 13:22:09,SQL Injection,Healthcare,Asia-Pacific,6,55.98,0.51
2026-03-26 03:51:09,Phishing,Energy,North America,9,69.82,0.76
2026-03-19 20:17:09,Ransomware,Education,Asia-Pacific,5,52.1,0.6
2026-04-15 08:49:09,Malware,Education,Latin America,10,75.42,0.96
2026-03-04 04:01:09,DDoS,Healthcare,Asia-Pacific,3,46.59,0.29
2026-05-01 22:25:09,Ransomware,Government,Latin America,1,30.44,0.3
2026-03-11 06:19:09,DDoS,Healthcare,North America,6,60.45,0.52
2026-05-17 05:26:09,DDoS,Healthcare,Latin America,8,84.58,0.7
2026-02-22 20:25:09,SQL Injection,Energy,North America,3,21.95,0.16
2026-05-11 21:04:09,Ransomware,Energy,Asia-Pacific,8,72.04,0.74
2026-05-22 15:39:09,Malware,Finance,Middle East,10,89.01,1.0
2026-03-05 03:09:09,Phishing,Finance,Europe,9,77.84,0.78
2026-03-30 17:02:09,Phishing,Finance,Asia-Pacific,10,92.12,0.71
2026-04-22 23:03:09,SQL Injection,Energy,Middle East,8,60.51,0.63
2026-03-21 07:36:09,DDoS,Healthcare,Asia-Pacific,6,68.49,0.56
2026-04-09 10:14:09,SQL Injection,Energy,Europe,5,41.9,0.36
2026-02-27 14:21:09,Phishing,Energy,Latin America,8,60.65,0.67
2026-05-07 08:17:09,Ransomware,Healthcare,Latin America,10,100.0,1.0
2026-05-07 02:10:09,Ransomware,Finance,Europe,5,63.88,0.46
2026-05-05 13:42:09,DDoS,Healthcare,Asia-Pacific,2,33.64,0.12
2026-03-06 06:48:09,Phishing,Healthcare,Middle East,10,85.67,0.86
2026-05-11 08:29:09,DDoS,Finance,Europe,6,61.51,0.45
2026-05-12 15:52:09,Ransomware,Energy,Asia-Pacific,4,48.95,0.38
2026-04-23 20:55:09,Malware,Energy,Middle East,6,41.04,0.64
2026-04-11 04:28:09,Ransomware,Finance,Latin America,8,88.8,0.81
2026-05-12 02:07:09,DDoS,Energy,Middle East,9,76.99,0.75
2026-02-22 20:10:09,Malware,Finance,Europe,1,14.41,0.18
2026-02-25 22:41:09,SQL Injection,Government,Asia-Pacific,8,66.98,0.58
2026-04-21 22:03:09,Phishing,Finance,Europe,9,86.47,0.67
2026-04-23 17:11:09,Phishing,Education,North America,7,57.52,0.47
2026-05-18 01:41:09,Malware,Finance,Middle East,2,24.66,0.29
2026-03-11 07:20:09,Phishing,Healthcare,Asia-Pacific,7,71.97,0.59
2026-03-06 10:40:09,Malware,Finance,North America,7,63.99,0.65
2026-04-09 06:07:09,Ransomware,Education,Latin America,1,26.47,0.29
2026-04-30 14:02:09,Phishing,Finance,Europe,4,41.03,0.29
2026-04-05 19:35:09,Phishing,Government,Europe,10,91.03,0.72
2026-02-22 19:41:09,Ransomware,Healthcare,North America,2,36.67,0.32
2026-03-24 03:27:09,Ransomware,Energy,North America,10,87.56,0.93
2026-05-16 19:30:09,DDoS,Finance,North America,10,94.75,0.81
2026-05-05 11:59:09,Ransomware,Energy,Europe,2,28.75,0.29
2026-03-06 10:31:09,Ransomware,Energy,Europe,8,77.4,0.88
2026-04-20 17:09:09,SQL Injection,Education,Latin America,5,33.19,0.44
2026-05-12 12:36:09,SQL Injection,Healthcare,Asia-Pacific,4,44.87,0.29
2026-04-19 10:21:09,DDoS,Finance,Asia-Pacific,9,91.51,0.79
2026-03-02 19:30:09,DDoS,Government,Europe,7,71.79,0.54
2026-03-10 08:25:09,SQL Injection,Healthcare,Asia-Pacific,4,37.58,0.37
2026-05-06 05:05:09,Ransomware,Education,Europe,6,64.62,0.57
2026-02-25 22:22:09,Malware,Healthcare,Latin America,8,69.71,0.76
2026-03-26 13:02:09,DDoS,Healthcare,Europe,1,27.9,0.14
2026-04-16 00:14:09,Phishing,Finance,Asia-Pacific,7,69.34,0.5
2026-05-15 13:45:09,DDoS,Education,Middle East,8,74.81,0.72
2026-03-24 02:48:09,DDoS,Government,Asia-Pacific,3,43.74,0.28
2026-05-07 17:14:09,Phishing,Energy,Middle East,1,11.84,0.11
2026-03-22 09:08:09,DDoS,Energy,Latin America,1,16.93,0.05
2026-04-04 22:57:09,DDoS,Energy,North America,10,89.24,0.93
2026-05-10 05:09:09,DDoS,Government,Europe,3,42.08,0.32
2026-02-25 07:33:09,DDoS,Healthcare,Asia-Pacific,5,56.3,0.48
2026-04-06 22:19:09,SQL Injection,Education,Latin America,5,38.1,0.33
2026-03-07 04:39:09,SQL Injection,Education,Asia-Pacific,8,64.39,0.65
2026-03-08 14:52:09,Ransomware,Energy,North America,6,62.71,0.57
2026-03-06 21:15:09,DDoS,Finance,Latin America,5,58.71,0.35
2026-04-11 18:42:09,SQL Injection,Healthcare,Europe,9,82.09,0.72
2026-03-19 03:28:09,Phishing,Government,North America,4,43.89,0.4
2026-04-18 09:32:09,SQL Injection,Finance,North America,7,64.02,0.56
2026-03-11 00:16:09,SQL Injection,Government,Asia-Pacific,1,22.27,0.0
2026-04-20 03:26:09,Ransomware,Education,Middle East,9,83.32,0.84
2026-04-10 18:05:09,Ransomware,Finance,Middle East,2,37.67,0.22
2026-05-16 09:30:09,Malware,Finance,North America,10,86.26,0.97
2026-03-30 09:19:09,Malware,Government,Latin America,6,59.82,0.72
2026-05-18 21:46:09,SQL Injection,Education,Asia-Pacific,5,40.02,0.4
2026-03-05 06:47:09,DDoS,Finance,Europe,4,53.31,0.31
2026-04-11 16:30:09,Phishing,Finance,Middle East,7,70.28,0.57
2026-03-15 21:37:09,Phishing,Healthcare,Asia-Pacific,9,82.06,0.65
2026-05-18 02:09:09,Ransomware,Healthcare,Middle East,6,74.27,0.68
2026-04-10 02:37:09,DDoS,Energy,Europe,7,63.27,0.69
2026-03-25 01:49:09,Phishing,Energy,North America,1,8.47,0.13
2026-05-18 02:51:09,Malware,Government,Asia-Pacific,8,67.52,0.77
2026-03-12 06:31:09,Malware,Government,Europe,6,53.15,0.64
2026-02-27 15:34:09,DDoS,Finance,North America,3,46.7,0.32
2026-03-07 14:49:09,Ransomware,Education,Asia-Pacific,6,63.28,0.56
2026-05-06 10:49:09,SQL Injection,Government,Latin America,3,31.92,0.23
2026-03-22 16:44:09,Phishing,Finance,Latin America,9,85.99,0.74
2026-04-04 13:11:09,Phishing,Finance,North America,8,79.02,0.69
2026-03-20 20:54:09,Ransomware,Finance,Latin America,6,66.91,0.69
2026-03-13 06:52:09,Ransomware,Healthcare,North America,3,43.72,0.3
2026-03-04 15:35:09,Malware,Healthcare,North America,9,76.34,0.95
2026-03-05 05:38:09,Malware,Energy,Asia-Pacific,3,23.2,0.44
2026-05-10 04:46:09,Malware,Education,North America,3,25.73,0.47
2026-03-03 06:56:09,DDoS,Finance,Asia-Pacific,3,44.32,0.37
2026-04-26 06:49:09,Malware,Government,Middle East,7,62.76,0.66
2026-04-03 05:20:09,SQL Injection,Government,North America,1,18.04,0.16
2026-02-26 22:46:09,Ransomware,Education,Europe,1,25.73,0.32
2026-02-24 04:59:09,DDoS,Energy,Middle East,6,50.46,0.62
2026-03-20 21:56:09,Phishing,Education,Latin America,10,75.35,0.78
2026-04-30 20:00:09,DDoS,Education,Europe,8,71.27,0.68
2026-03-29 16:56:09,Malware,Government,Latin America,10,88.42,1.0
2026-04-16 18:55:09,Malware,Healthcare,North America,6,51.99,0.69
2026-04-05 02:56:09,Malware,Government,North America,7,63.2,0.66
2026-05-14 00:54:09,Phishing,Healthcare,Europe,6,61.59,0.49
2026-03-08 03:03:09,Malware,Energy,Europe,5,35.43,0.57
2026-02-24 04:03:09,SQL Injection,Energy,Middle East,6,46.09,0.52
2026-03-09 06:03:09,Ransomware,Finance,Latin America,9,88.9,0.95
2026-04-01 23:43:09,Phishing,Healthcare,Europe,6,62.72,0.41
2026-03-17 09:36:09,DDoS,Finance,Europe,7,72.86,0.52
2026-03-11 21:49:09,DDoS,Energy,Europe,3,27.63,0.27
2026-03-24 16:03:09,SQL Injection,Energy,Europe,8,56.12,0.62
2026-05-03 09:59:09,DDoS,Finance,Middle East,7,76.53,0.58
2026-03-27 04:46:09,Malware,Government,Middle East,5,49.33,0.58
2026-03-16 13:53:09,SQL Injection,Education,Europe,9,65.54,0.63
2026-04-03 02:59:09,DDoS,Healthcare,Latin America,1,24.88,0.23
2026-02-25 20:49:09,SQL Injection,Education,Middle East,8,60.97,0.73
2026-05-01 06:00:09,Ransomware,Government,North America,6,68.86,0.63
2026-03-07 15:56:09,SQL Injection,Healthcare,North America,4,43.73,0.28
2026-02-23 04:30:09,SQL Injection,Government,North America,9,73.7,0.65
2026-05-12 08:51:09,Phishing,Healthcare,Asia-Pacific,3,42.01,0.3
2026-04-27 12:16:09,Malware,Healthcare,Europe,2,25.97,0.34
2026-03-25 16:43:09,SQL Injection,Finance,Middle East,5,50.3,0.32
2026-03-08 22:19:09,Malware,Government,Latin America,1,13.34,0.2
2026-04-17 19:29:09,SQL Injection,Government,Europe,7,58.92,0.55
2026-04-05 00:12:09,Ransomware,Education,Asia-Pacific,10,89.64,1.0
2026-03-06 01:39:09,Ransomware,Education,Latin America,9,85.47,0.95
2026-04-21 08:33:09,Ransomware,Healthcare,Middle East,8,83.42,0.85
2026-04-12 18:29:09,SQL Injection,Education,Asia-Pacific,6,44.32,0.43
2026-03-03 22:43:09,Ransomware,Education,Asia-Pacific,4,45.56,0.54
2026-02-22 20:05:09,Phishing,Education,Europe,9,76.82,0.64
2026-03-09 17:29:09,Ransomware,Finance,North America,6,72.72,0.69
2026-04-04 17:48:09,SQL Injection,Energy,North America,7,55.78,0.59
2026-04-26 14:57:09,Malware,Government,Middle East,7,62.34,0.76
2026-03-06 17:50:09,Phishing,Education,Middle East,6,48.59,0.45
2026-04-24 07:16:09,Ransomware,Government,Latin America,1,35.94,0.33
2026-02-25 08:22:09,DDoS,Healthcare,Asia-Pacific,8,80.41,0.6
2026-04-06 17:56:09,Phishing,Education,Asia-Pacific,5,43.25,0.39
2026-05-09 14:29:09,DDoS,Healthcare,North America,10,93.71,0.86
2026-02-23 05:14:09,DDoS,Healthcare,North America,7,67.98,0.63
2026-05-04 02:13:09,Malware,Healthcare,North America,8,70.15,0.82
2026-04-05 01:53:09,DDoS,Government,North America,2,36.05,0.24
2026-04-27 21:32:09,Ransomware,Finance,Europe,6,74.71,0.62
2026-03-29 17:55:09,DDoS,Government,North America,9,91.83,0.85
2026-05-08 20:25:09,DDoS,Healthcare,Latin America,1,27.27,0.19
2026-03-28 12:33:09,DDoS,Healthcare,Asia-Pacific,2,34.47,0.14
2026-04-21 01:02:09,Phishing,Education,Middle East,8,66.2,0.72
2026-03-16 17:12:09,DDoS,Education,North America,3,30.98,0.19
2026-04-23 04:41:09,Phishing,Education,Middle East,4,36.16,0.27
2026-03-03 06:48:09,Phishing,Finance,Europe,7,68.7,0.5
2026-05-20 13:41:09,DDoS,Government,Asia-Pacific,2,36.03,0.19
2026-05-07 21:48:09,Ransomware,Education,Asia-Pacific,7,67.48,0.63
2026-03-13 02:22:09,Ransomware,Government,Middle East,2,42.9,0.31
2026-03-06 16:19:09,DDoS,Finance,Middle East,2,33.13,0.23
2026-04-17 15:23:09,DDoS,Energy,Latin America,3,34.6,0.21
2026-03-12 16:23:09,SQL Injection,Government,Asia-Pacific,2,25.32,0.23
2026-02-23 05:38:09,DDoS,Government,Latin America,8,84.84,0.75
2026-02-28 13:10:09,Malware,Education,Latin America,7,51.1,0.69
2026-05-08 00:27:09,SQL Injection,Healthcare,Europe,2,28.88,0.07
2026-03-17 04:15:09,Ransomware,Education,Middle East,3,33.25,0.42
2026-05-08 06:57:09,SQL Injection,Education,Asia-Pacific,9,68.25,0.74
2026-04-29 00:54:09,Phishing,Education,North America,2,20.48,0.06
2026-03-15 06:52:09,DDoS,Finance,Asia-Pacific,9,83.24,0.69
2026-04-23 06:41:09,DDoS,Finance,Asia-Pacific,5,53.76,0.48
2026-02-25 21:58:09,SQL Injection,Healthcare,Latin America,2,21.89,0.25
2026-03-01 14:12:09,Ransomware,Energy,Europe,6,56.06,0.55
2026-04-21 22:07:09,SQL Injection,Energy,Latin America,10,76.68,0.88
2026-05-21 18:30:09,SQL Injection,Healthcare,Europe,10,89.46,0.7
2026-05-09 11:08:09,DDoS,Government,Latin America,7,75.64,0.56
2026-04-04 05:24:09,Malware,Education,Latin America,1,4.97,0.15
2026-05-04 19:24:09,Phishing,Finance,Asia-Pacific,10,93.56,0.89
2026-04-02 06:55:09,Ransomware,Energy,North America,7,68.01,0.79
2026-04-15 11:28:09,SQL Injection,Government,Asia-Pacific,2,28.73,0.22
2026-05-19 10:18:09,SQL Injection,Healthcare,North America,8,66.97,0.73
2026-04-24 23:59:09,DDoS,Finance,Latin America,4,52.35,0.31
2026-04-16 05:00:09,Ransomware,Education,Europe,9,85.07,0.86
2026-03-25 10:58:09,SQL Injection,Education,North America,8,62.57,0.7
2026-03-27 08:23:09,DDoS,Government,Latin America,4,49.73,0.43
2026-03-11 08:52:09,Malware,Finance,Middle East,8,65.34,0.83
2026-03-14 02:52:09,SQL Injection,Government,Asia-Pacific,4,38.48,0.41
2026-03-24 10:28:09,DDoS,Government,North America,7,70.01,0.65
2026-03-18 06:20:09,Ransomware,Healthcare,Latin America,1,29.52,0.32
2026-04-29 03:59:09,DDoS,Energy,Middle East,8,74.18,0.63
2026-03-24 09:45:09,SQL Injection,Healthcare,Europe,8,67.1,0.7
2026-03-05 21:36:09,Malware,Government,Asia-Pacific,4,41.69,0.38
2026-03-11 00:09:09,Phishing,Government,Europe,5,49.03,0.36
2026-03-06 18:19:09,SQL Injection,Education,Asia-Pacific,6,49.48,0.39
2026-02-27 20:19:09,Malware,Energy,Latin America,5,37.26,0.59
2026-02-26 00:18:09,Malware,Government,Latin America,8,73.42,0.73
2026-04-21 08:16:09,Phishing,Government,Europe,7,68.91,0.55
2026-04-14 17:53:09,Malware,Energy,Middle East,10,73.1,0.89
2026-03-23 22:23:09,DDoS,Energy,North America,2,22.98,0.12
2026-05-08 05:02:09,Malware,Government,Europe,1,19.39,0.27
2026-02-25 09:03:09,Phishing,Government,Latin America,6,60.92,0.51
2026-05-12 07:06:09,DDoS,Education,Middle East,9,80.67,0.74
2026-03-05 03:02:09,Malware,Finance,Latin America,8,67.32,0.7
2026-02-23 01:26:09,Ransomware,Government,Latin America,10,97.03,1.0
2026-05-11 07:01:09,DDoS,Education,Latin America,8,74.99,0.7
2026-05-05 03:59:09,DDoS,Government,Latin America,6,61.06,0.45
2026-04-01 12:47:09,DDoS,Energy,Middle East,9,76.49,0.76
2026-04-07 07:10:09,SQL Injection,Finance,Europe,3,30.66,0.31
2026-03-04 11:50:09,Malware,Government,Latin America,5,51.52,0.6
2026-05-01 14:57:09,Malware,Energy,Asia-Pacific,6,48.7,0.68
2026-04-21 19:14:09,SQL Injection,Government,Middle East,2,23.54,0.25
2026-03-22 12:06:09,DDoS,Healthcare,Latin America,9,82.54,0.8
2026-03-27 20:50:09,Phishing,Education,Middle East,8,63.58,0.73
2026-04-26 10:56:09,Ransomware,Government,Europe,9,90.75,0.94
2026-05-03 12:00:09,Ransomware,Finance,Middle East,2,40.12,0.25
2026-04-19 09:36:09,SQL Injection,Government,Asia-Pacific,7,57.52,0.53
2026-04-09 14:58:09,DDoS,Healthcare,Middle East,10,92.9,0.79
2026-04-21 23:32:09,Phishing,Finance,Asia-Pacific,2,29.34,0.15
2026-04-19 19:25:09,DDoS,Finance,Asia-Pacific,7,69.14,0.56
2026-03-27 13:07:09,Ransomware,Healthcare,North America,3,51.13,0.46
2026-04-04 16:31:09,Ransomware,Education,Latin America,3,32.99,0.49
2026-02-26 09:32:09,Phishing,Government,Europe,1,18.31,0.16
2026-04-05 00:44:09,Phishing,Finance,Middle East,3,38.53,0.23
2026-04-11 04:22:09,Ransomware,Energy,Europe,3,37.73,0.45
2026-05-04 21:36:09,SQL Injection,Government,Asia-Pacific,10,84.03,0.7
2026-03-31 03:21:09,DDoS,Healthcare,Latin America,10,95.24,0.86
2026-04-24 20:58:09,Phishing,Government,Asia-Pacific,4,41.56,0.41
2026-03-09 21:00:09,Ransomware,Finance,Europe,2,36.26,0.39
2026-05-07 15:57:09,Malware,Education,Europe,5,38.65,0.54
2026-02-24 17:06:09,DDoS,Healthcare,Europe,10,98.45,0.81
2026-03-01 18:38:09,Phishing,Energy,Asia-Pacific,8,66.25,0.72
2026-05-13 09:40:09,SQL Injection,Energy,Middle East,4,27.63,0.36
2026-03-28 20:27:09,Phishing,Finance,Europe,4,46.73,0.3
2026-03-24 10:55:09,Ransomware,Education,Europe,1,22.62,0.27
2026-04-20 02:11:09,DDoS,Education,Latin America,10,81.48,0.81
2026-02-27 11:34:09,Ransomware,Finance,Asia-Pacific,8,89.71,0.8
2026-04-29 13:48:09,Phishing,Education,Europe,6,50.84,0.53
2026-03-07 19:26:09,DDoS,Energy,North America,6,59.13,0.51
2026-05-10 03:13:09,SQL Injection,Healthcare,Europe,6,50.61,0.53
2026-05-01 05:25:09,Ransomware,Education,Middle East,5,50.13,0.55
2026-04-23 19:35:09,Ransomware,Education,Asia-Pacific,4,47.4,0.47
2026-04-11 22:26:09,DDoS,Government,Latin America,3,46.94,0.36
2026-02-25 03:39:09,Phishing,Education,Asia-Pacific,6,48.18,0.46
2026-04-02 18:52:09,Malware,Healthcare,Asia-Pacific,9,73.69,0.8
2026-03-03 02:52:09,Malware,Education,Latin America,9,67.14,0.82
2026-04-10 07:35:09,DDoS,Education,Latin America,6,51.87,0.63
2026-03-11 14:26:09,DDoS,Education,Latin America,5,47.53,0.5
2026-04-19 17:25:09,DDoS,Energy,Asia-Pacific,2,22.41,0.22
2026-03-02 03:05:09,Ransomware,Government,Middle East,10,100.0,0.9
2026-02-28 23:19:09,Ransomware,Energy,Latin America,8,74.6,0.7
2026-03-19 00:24:09,Ransomware,Government,North America,2,41.25,0.22
2026-04-15 06:31:09,Phishing,Government,North America,10,93.22,0.84
2026-05-09 05:06:09,Phishing,Finance,Middle East,7,63.48,0.49
2026-03-26 12:18:09,Phishing,Energy,Latin America,5,39.95,0.37
2026-05-09 16:01:09,Ransomware,Energy,Asia-Pacific,3,40.58,0.31
2026-04-23 01:02:09,DDoS,Education,Latin America,10,81.78,0.89
2026-05-17 17:38:09,Malware,Healthcare,Europe,6,55.51,0.58
2026-03-28 19:09:09,SQL Injection,Energy,Latin America,4,30.02,0.39
2026-05-10 00:05:09,Ransomware,Finance,Asia-Pacific,6,70.44,0.58
2026-04-25 04:22:09,Malware,Education,Latin America,10,77.48,0.94
2026-03-20 23:31:09,Malware,Healthcare,Middle East,1,15.04,0.18
2026-05-07 18:07:09,DDoS,Finance,Latin America,9,87.7,0.72
